path,transcription
./dataset/xyz\11_four.mp3,four
./dataset/xyz\20_kinetics.mp3,kinetics
./dataset/xyz\31_synovial.mp3,synovial
./dataset/xyz\33_joints.mp3,joints
./dataset/xyz\45_sections.mp3,sections
./dataset/xyz\63_excited.mp3,excited
./dataset/xyz\97_practice.mp3,practice
./dataset/xyz\114_spine.mp3,spine
./dataset/xyz\121_upper.mp3,upper
./dataset/xyz\122_corner.mp3,corner
./dataset/xyz\125_shoulder.mp3,shoulder
./dataset/xyz\126_elbow.mp3,elbow
./dataset/xyz\127_wrists.mp3,wrists
./dataset/xyz\129_hand.mp3,hand
./dataset/xyz\134_lower.mp3,lower
./dataset/xyz\135_lower.mp3,lower
./dataset/xyz\136_quarter.mp3,quarter
./dataset/xyz\141_hip.mp3,hip
./dataset/xyz\142_knee.mp3,knee
./dataset/xyz\143_ankle.mp3,ankle
./dataset/xyz\145_foot.mp3,foot
./dataset/xyz\151_plan.mp3,plan
./dataset/xyz\162_lectures.mp3,lectures
./dataset/xyz\169_bone.mp3,bone
./dataset/xyz\171_muscle.mp3,muscle
./dataset/xyz\188_joint.mp3,joint
./dataset/xyz\216_quickly.mp3,quickly
./dataset/xyz\225_three.mp3,three
./dataset/xyz\226_sections.mp3,sections
./dataset/xyz\229_spine.mp3,spine
./dataset/xyz\249_stuff.mp3,stuff
./dataset/xyz\253_spine.mp3,spine
./dataset/xyz\266_bat.mp3,bat
./dataset/xyz\270_spine.mp3,spine
./dataset/xyz\274_nervous.mp3,nervous
./dataset/xyz\275_system.mp3,system
./dataset/xyz\279_spinal.mp3,spinal
./dataset/xyz\280_cord.mp3,cord
./dataset/xyz\286_spinal.mp3,spinal
./dataset/xyz\287_cord.mp3,cord
./dataset/xyz\300_spine.mp3,spine
./dataset/xyz\311_central.mp3,central
./dataset/xyz\312_foramen.mp3,foramen
./dataset/xyz\315_bony.mp3,bony
./dataset/xyz\322_spinal.mp3,spinal
./dataset/xyz\323_cord.mp3,cord
./dataset/xyz\333_spine.mp3,spine
./dataset/xyz\344_joints.mp3,joints
./dataset/xyz\350_mobility.mp3,mobility
./dataset/xyz\356_stability.mp3,stability
./dataset/xyz\358_spine.mp3,spine
./dataset/xyz\365_architectu.mp3,architecture
./dataset/xyz\368_allows.mp3,allows
./dataset/xyz\382_mobility.mp3,mobility
./dataset/xyz\389_spine.mp3,spine
./dataset/xyz\394_lumbar.mp3,lumbar
./dataset/xyz\395_spine.mp3,spine
./dataset/xyz\397_thoracic.mp3,thoracic
./dataset/xyz\398_spine.mp3,spine
./dataset/xyz\401_cervical.mp3,cervical
./dataset/xyz\402_spine.mp3,spine
./dataset/xyz\406_contribute.mp3,contribute
./dataset/xyz\409_differentl.mp3,differently
./dataset/xyz\411_mobility.mp3,mobility
./dataset/xyz\412_overall.mp3,overall
./dataset/xyz\413_mobility.mp3,mobility
./dataset/xyz\422_flexion.mp3,flexion
./dataset/xyz\423_extension.mp3,extension
./dataset/xyz\427_rotation.mp3,rotation
./dataset/xyz\433_overall.mp3,overall
./dataset/xyz\435_spine.mp3,spine
./dataset/xyz\439_mobile.mp3,mobile
./dataset/xyz\445_three.mp3,three
./dataset/xyz\448_motion.mp3,motion
./dataset/xyz\454_range.mp3,range
./dataset/xyz\456_motion.mp3,motion
./dataset/xyz\463_spine.mp3,spine
./dataset/xyz\466_stable.mp3,stable
./dataset/xyz\473_spinal.mp3,spinal
./dataset/xyz\474_cord.mp3,cord
./dataset/xyz\476_needs.mp3,needs
./dataset/xyz\485_ligaments.mp3,ligaments
./dataset/xyz\487_muscles.mp3,muscles
./dataset/xyz\489_tendons.mp3,tendons
./dataset/xyz\504_before.mp3,before
./dataset/xyz\511_favorite.mp3,favorite
./dataset/xyz\516_treating.mp3,treating
./dataset/xyz\517_spinal.mp3,spinal
./dataset/xyz\518_pain.mp3,pain
./dataset/xyz\524_complexity.mp3,complexity
./dataset/xyz\527_spine.mp3,spine
./dataset/xyz\533_spine.mp3,spine
./dataset/xyz\551_normal.mp3,normal
./dataset/xyz\552_curves.mp3,curves
./dataset/xyz\555_spine.mp3,spine
./dataset/xyz\557_curves.mp3,curves
./dataset/xyz\564_shock.mp3,shock
./dataset/xyz\571_test.mp3,test
./dataset/xyz\579_push.mp3,push
./dataset/xyz\583_shoulders.mp3,shoulders
./dataset/xyz\586_standing.mp3,standing
./dataset/xyz\594_spine.mp3,spine
./dataset/xyz\598_test.mp3,test
./dataset/xyz\606_spine.mp3,spine
./dataset/xyz\610_hypermobil.mp3,hypermobile
./dataset/xyz\612_hypo.mp3,hypo
./dataset/xyz\625_spines.mp3,spines
./dataset/xyz\633_straight.mp3,straight
./dataset/xyz\636_vertically.mp3,vertically
./dataset/xyz\637_oriented.mp3,oriented
./dataset/xyz\638_spines.mp3,spines
./dataset/xyz\642_curves.mp3,curves
./dataset/xyz\645_individual.mp3,individuals
./dataset/xyz\654_spine.mp3,spine
./dataset/xyz\664_shock.mp3,shock
./dataset/xyz\666_everything.mp3,everything's
./dataset/xyz\672_straight.mp3,straight
./dataset/xyz\677_curves.mp3,curves
./dataset/xyz\687_spectrum.mp3,spectrum
./dataset/xyz\694_exaggerate.mp3,exaggerated
./dataset/xyz\695_curves.mp3,curves
./dataset/xyz\698_spine.mp3,spine
./dataset/xyz\708_sides.mp3,sides
./dataset/xyz\711_spectrum.mp3,spectrum
./dataset/xyz\713_one's.mp3,one's
./dataset/xyz\723_differentl.mp3,differently
./dataset/xyz\737_difference.mp3,differences
./dataset/xyz\753_before.mp3,before
./dataset/xyz\754_spine.mp3,spine
./dataset/xyz\764_spine.mp3,spine
./dataset/xyz\766_posterior.mp3,posterior
./dataset/xyz\770_spine.mp3,spine
./dataset/xyz\772_tendon.mp3,tendon
./dataset/xyz\774_ligament.mp3,ligament
./dataset/xyz\775_attachment.mp3,attachments
./dataset/xyz\790_muscles.mp3,muscles
./dataset/xyz\793_classes.mp3,classes
./dataset/xyz\796_save.mp3,save
./dataset/xyz\799_muscles.mp3,muscles
./dataset/xyz\812_advanced.mp3,advanced
./dataset/xyz\824_muscles.mp3,muscles
./dataset/xyz\826_ligaments.mp3,ligaments
./dataset/xyz\827_attach.mp3,attach
./dataset/xyz\836_spine.mp3,spine
./dataset/xyz\867_organizati.mp3,organizational
./dataset/xyz\871_spine.mp3,spine
./dataset/xyz\873_24.mp3,24
./dataset/xyz\884_three.mp3,three
./dataset/xyz\885_sections.mp3,sections
./dataset/xyz\887_neck.mp3,neck
./dataset/xyz\889_cervical.mp3,cervical
./dataset/xyz\890_spine.mp3,spine
./dataset/xyz\892_mid.mp3,mid
./dataset/xyz\899_thoracic.mp3,thoracic
./dataset/xyz\900_spine.mp3,spine
./dataset/xyz\904_five.mp3,five
./dataset/xyz\908_lumbar.mp3,lumbar
./dataset/xyz\909_spine.mp3,spine
./dataset/xyz\914_24.mp3,24
./dataset/xyz\915_moveable.mp3,moveable
./dataset/xyz\938_neck.mp3,neck
./dataset/xyz\939_twelve.mp3,twelve
./dataset/xyz\943_thoracic.mp3,thoracic
./dataset/xyz\950_ribs.mp3,ribs
./dataset/xyz\951_connect.mp3,connect
./dataset/xyz\954_five.mp3,five
./dataset/xyz\957_lumbar.mp3,lumbar
./dataset/xyz\958_spine.mp3,spine
./dataset/xyz\966_eight.mp3,eight
./dataset/xyz\968_ten.mp3,ten
./dataset/xyz\969_fused.mp3,fused
./dataset/xyz\973_sacral.mp3,sacral
./dataset/xyz\979_five.mp3,five
./dataset/xyz\980_fused.mp3,fused
./dataset/xyz\985_cossacks.mp3,cossacks
./dataset/xyz\987_range.mp3,range
./dataset/xyz\993_three.mp3,three
./dataset/xyz\995_five.mp3,five
./dataset/xyz\996_fused.mp3,fused
./dataset/xyz\1027_rehab.mp3,rehab
./dataset/xyz\1028_practition.mp3,practitioner
./dataset/xyz\1035_24.mp3,24
./dataset/xyz\1058_motion.mp3,motion
./dataset/xyz\1059_segment.mp3,segment
./dataset/xyz\1068_spine.mp3,spine
./dataset/xyz\1076_spine.mp3,spine
./dataset/xyz\1093_motion.mp3,motion
./dataset/xyz\1094_segment.mp3,segment
./dataset/xyz\1100_shows.mp3,shows
./dataset/xyz\1102_two.mp3,two
./dataset/xyz\1106_disc.mp3,disc
./dataset/xyz\1116_motion.mp3,motion
./dataset/xyz\1117_segment.mp3,segment
./dataset/xyz\1121_two.mp3,two
./dataset/xyz\1122_adjacent.mp3,adjacent
./dataset/xyz\1126_soft.mp3,soft
./dataset/xyz\1127_tissues.mp3,tissues
./dataset/xyz\1136_inner.mp3,inner
./dataset/xyz\1137_vertebral.mp3,vertebral
./dataset/xyz\1138_disc.mp3,disc
./dataset/xyz\1141_two.mp3,two
./dataset/xyz\1145_you'll.mp3,you'll
./dataset/xyz\1148_nerve.mp3,nerve
./dataset/xyz\1149_root.mp3,root
./dataset/xyz\1159_left.mp3,left
./dataset/xyz\1170_spinal.mp3,spinal
./dataset/xyz\1171_cord.mp3,cord
./dataset/xyz\1183_disc.mp3,disc
./dataset/xyz\1184_herniation.mp3,herniations
./dataset/xyz\1186_spinal.mp3,spinal
./dataset/xyz\1187_stenosis.mp3,stenosis
./dataset/xyz\1194_functionin.mp3,functioning
./dataset/xyz\1198_spine.mp3,spine
./dataset/xyz\1200_motion.mp3,motion
./dataset/xyz\1201_segment.mp3,segment
./dataset/xyz\1214_different.mp3,different
./dataset/xyz\1215_types.mp3,types
./dataset/xyz\1217_courses.mp3,courses
./dataset/xyz\1225_graduate.mp3,graduate
./dataset/xyz\1226_school.mp3,school
./dataset/xyz\1227_spinal.mp3,spinal
./dataset/xyz\1228_curves.mp3,curves
./dataset/xyz\1235_two.mp3,two
./dataset/xyz\1236_categories.mp3,categories
./dataset/xyz\1241_primary.mp3,primary
./dataset/xyz\1242_curves.mp3,curves
./dataset/xyz\1246_thoracic.mp3,thoracic
./dataset/xyz\1248_sacral.mp3,sacral
./dataset/xyz\1249_curves.mp3,curves
./dataset/xyz\1254_two.mp3,two
./dataset/xyz\1258_kyphosis.mp3,kyphosis
./dataset/xyz\1262_outward.mp3,outward
./dataset/xyz\1263_curve.mp3,curve
./dataset/xyz\1273_someone's.mp3,someone's
./dataset/xyz\1278_convex.mp3,convex
./dataset/xyz\1281_curve.mp3,curve
./dataset/xyz\1283_pointing.mp3,pointing
./dataset/xyz\1287_thoracic.mp3,thoracic
./dataset/xyz\1288_spine.mp3,spine
./dataset/xyz\1298_mid.mp3,mid
./dataset/xyz\1306_rounded.mp3,rounded
./dataset/xyz\1311_sacral.mp3,sacral
./dataset/xyz\1312_curve.mp3,curve
./dataset/xyz\1314_kyphotic.mp3,kyphotic
./dataset/xyz\1318_rounded.mp3,rounded
./dataset/xyz\1322_pushes.mp3,pushes
./dataset/xyz\1326_convexity.mp3,convexity
./dataset/xyz\1338_curves.mp3,curves
./dataset/xyz\1341_glutes.mp3,glutes
./dataset/xyz\1344_butt.mp3,butt
./dataset/xyz\1348_outward.mp3,outward
./dataset/xyz\1349_curve.mp3,curve
./dataset/xyz\1355_two.mp3,two
./dataset/xyz\1359_curves.mp3,curves
./dataset/xyz\1361_cervical.mp3,cervical
./dataset/xyz\1362_spine.mp3,spine
./dataset/xyz\1365_lumbar.mp3,lumbar
./dataset/xyz\1366_spine.mp3,spine
./dataset/xyz\1371_inward.mp3,inward
./dataset/xyz\1372_concave.mp3,concave
./dataset/xyz\1374_curves.mp3,curves
./dataset/xyz\1387_loradotic.mp3,loradotic
./dataset/xyz\1388_curves.mp3,curves
./dataset/xyz\1396_neck.mp3,neck
./dataset/xyz\1402_develop.mp3,develop
./dataset/xyz\1406_growing.mp3,growing
./dataset/xyz\1415_assuming.mp3,assuming
./dataset/xyz\1416_upright.mp3,upright
./dataset/xyz\1417_positions.mp3,positions
./dataset/xyz\1429_develop.mp3,develop
./dataset/xyz\1432_cervical.mp3,cervical
./dataset/xyz\1433_lordotic.mp3,lordotic
./dataset/xyz\1434_curve.mp3,curve
./dataset/xyz\1436_babies.mp3,babies
./dataset/xyz\1441_using.mp3,using
./dataset/xyz\1443_neck.mp3,neck
./dataset/xyz\1444_muscles.mp3,muscles
./dataset/xyz\1446_lift.mp3,lift
./dataset/xyz\1448_head.mp3,head
./dataset/xyz\1451_forward.mp3,forward
./dataset/xyz\1454_crawl.mp3,crawl
./dataset/xyz\1461_lordosis.mp3,lordosis
./dataset/xyz\1464_neck.mp3,neck
./dataset/xyz\1468_lumbar.mp3,lumbar
./dataset/xyz\1469_lordosis.mp3,lordosis
./dataset/xyz\1473_standing.mp3,standing
./dataset/xyz\1475_weight.mp3,weight
./dataset/xyz\1476_stacks.mp3,stacks
./dataset/xyz\1479_spine.mp3,spine
./dataset/xyz\1481_creates.mp3,creates
./dataset/xyz\1483_inward.mp3,inward
./dataset/xyz\1484_curve.mp3,curve
./dataset/xyz\1487_primary.mp3,primary
./dataset/xyz\1490_curves.mp3,curves
./dataset/xyz\1494_curves.mp3,curves
./dataset/xyz\1498_mentioning.mp3,mentioning
./dataset/xyz\1507_shock.mp3,shock
./dataset/xyz\1517_lumbar.mp3,lumbar
./dataset/xyz\1518_lordosis.mp3,lordosis
./dataset/xyz\1522_inward.mp3,inward
./dataset/xyz\1523_curve.mp3,curve
./dataset/xyz\1529_standing.mp3,standing
./dataset/xyz\1535_curve.mp3,curve
./dataset/xyz\1546_shock.mp3,shock
./dataset/xyz\1547_rather.mp3,rather
./dataset/xyz\1550_spine.mp3,spine
./dataset/xyz\1565_it'd.mp3,it'd
./dataset/xyz\1570_stiff.mp3,stiff
./dataset/xyz\1576_wouldn't.mp3,wouldn't
./dataset/xyz\1584_shock.mp3,shock
./dataset/xyz\1587_curves.mp3,curves
./dataset/xyz\1606_posture.mp3,posture
./dataset/xyz\1607_analysis.mp3,analysis
./dataset/xyz\1613_before.mp3,before
./dataset/xyz\1621_curves.mp3,curves
./dataset/xyz\1631_dynamic.mp3,dynamic
./dataset/xyz\1632_spine.mp3,spine
./dataset/xyz\1641_straight.mp3,straight
./dataset/xyz\1642_spine.mp3,spine
./dataset/xyz\1651_static.mp3,static
./dataset/xyz\1652_spine.mp3,spine
./dataset/xyz\1660_notice.mp3,notice
./dataset/xyz\1662_note.mp3,note
./dataset/xyz\1665_postural.mp3,postural
./dataset/xyz\1666_assessment.mp3,assessment
./dataset/xyz\1672_lumbar.mp3,lumbar
./dataset/xyz\1673_spine.mp3,spine
./dataset/xyz\1684_five.mp3,five
./dataset/xyz\1689_before.mp3,before
./dataset/xyz\1694_superior.mp3,superior
./dataset/xyz\1696_inferior.mp3,inferior
./dataset/xyz\1698_l1.mp3,l1
./dataset/xyz\1704_closest.mp3,closest
./dataset/xyz\1707_head.mp3,head
./dataset/xyz\1718_towards.mp3,towards
./dataset/xyz\1720_tailbone.mp3,tailbone
./dataset/xyz\1725_l12345.mp3,l12345
./dataset/xyz\1727_five.mp3,five
./dataset/xyz\1731_connecting.mp3,connecting
./dataset/xyz\1736_facet.mp3,facet
./dataset/xyz\1737_joints.mp3,joints
./dataset/xyz\1746_zygopophaz.mp3,zygopophazial
./dataset/xyz\1747_joints.mp3,joints
./dataset/xyz\1749_z.mp3,z
./dataset/xyz\1750_joints.mp3,joints
./dataset/xyz\1759_facet.mp3,facet
./dataset/xyz\1760_joints.mp3,joints
./dataset/xyz\1778_two.mp3,two
./dataset/xyz\1791_superior.mp3,superior
./dataset/xyz\1792_facet.mp3,facet
./dataset/xyz\1796_box.mp3,box
./dataset/xyz\1798_going to.mp3,going to
./dataset/xyz\1801_inferior.mp3,inferior
./dataset/xyz\1802_facet.mp3,facet
./dataset/xyz\1805_hook.mp3,hook
./dataset/xyz\1811_two.mp3,two
./dataset/xyz\1812_bones.mp3,bones
./dataset/xyz\1819_creates.mp3,creates
./dataset/xyz\1821_facet.mp3,facet
./dataset/xyz\1822_joints.mp3,joints
./dataset/xyz\1824_plain.mp3,plain
./dataset/xyz\1825_synovial.mp3,synovial
./dataset/xyz\1826_joints.mp3,joints
./dataset/xyz\1828_joints.mp3,joints
./dataset/xyz\1839_synovial.mp3,synovial
./dataset/xyz\1840_joints.mp3,joints
./dataset/xyz\1847_synovial.mp3,synovial
./dataset/xyz\1848_joints.mp3,joints
./dataset/xyz\1852_joint.mp3,joint
./dataset/xyz\1853_capsule.mp3,capsule
./dataset/xyz\1854_synovial.mp3,synovial
./dataset/xyz\1855_fluid.mp3,fluid
./dataset/xyz\1862_before.mp3,before
./dataset/xyz\1868_tell.mp3,tell
./dataset/xyz\1871_i'm.mp3,i'm
./dataset/xyz\1872_working.mp3,working
./dataset/xyz\1885_knuckles.mp3,knuckles
./dataset/xyz\1888_fingers.mp3,fingers
./dataset/xyz\1900_spine.mp3,spine
./dataset/xyz\1901_manipulate.mp3,manipulated
./dataset/xyz\1904_pops.mp3,pops
./dataset/xyz\1910_finger.mp3,finger
./dataset/xyz\1911_joints.mp3,joints
./dataset/xyz\1913_what's.mp3,what's
./dataset/xyz\1914_popping.mp3,popping
./dataset/xyz\1918_facet.mp3,facet
./dataset/xyz\1919_joints.mp3,joints
./dataset/xyz\1925_nothing.mp3,nothing
./dataset/xyz\1928_freak.mp3,freak
./dataset/xyz\1935_joint.mp3,joint
./dataset/xyz\1937_pops.mp3,pops
./dataset/xyz\1941_fingers.mp3,fingers
./dataset/xyz\1947_facet.mp3,facet
./dataset/xyz\1948_joints.mp3,joints
./dataset/xyz\1953_won't.mp3,won't
./dataset/xyz\1959_lumbar.mp3,lumbar
./dataset/xyz\1960_spine.mp3,spine
./dataset/xyz\1969_spine.mp3,spine
./dataset/xyz\1970_thoracic.mp3,thoracic
./dataset/xyz\1972_cervical.mp3,cervical
./dataset/xyz\1975_facet.mp3,facet
./dataset/xyz\1976_joints.mp3,joints
./dataset/xyz\1985_three.mp3,three
./dataset/xyz\1988_motion.mp3,motion
./dataset/xyz\1991_present.mp3,present
./dataset/xyz\1995_spine.mp3,spine
./dataset/xyz\2000_image.mp3,image
./dataset/xyz\2005_facet.mp3,facet
./dataset/xyz\2006_injection.mp3,injection
./dataset/xyz\2018_pain.mp3,pain
./dataset/xyz\2020_originatin.mp3,originating
./dataset/xyz\2023_facet.mp3,facet
./dataset/xyz\2024_joint.mp3,joint
./dataset/xyz\2033_two.mp3,two
./dataset/xyz\2038_motion.mp3,motion
./dataset/xyz\2039_segment.mp3,segment
./dataset/xyz\2041_superior.mp3,superior
./dataset/xyz\2048_facet.mp3,facet
./dataset/xyz\2051_downwardly.mp3,downwardly
./dataset/xyz\2055_inferior.mp3,inferior
./dataset/xyz\2056_facet.mp3,facet
./dataset/xyz\2060_lower.mp3,lower
./dataset/xyz\2067_superior.mp3,superior
./dataset/xyz\2068_facet.mp3,facet
./dataset/xyz\2071_upward.mp3,upward
./dataset/xyz\2073_two.mp3,two
./dataset/xyz\2075_hook.mp3,hook
./dataset/xyz\2085_facet.mp3,facet
./dataset/xyz\2086_joint.mp3,joint
./dataset/xyz\2095_facet.mp3,facet
./dataset/xyz\2099_upwardly.mp3,upwardly
./dataset/xyz\2104_downwardly.mp3,downwardly
./dataset/xyz\2108_facet.mp3,facet
./dataset/xyz\2109_joint.mp3,joint
./dataset/xyz\2120_connecting.mp3,connecting
./dataset/xyz\2123_next.mp3,next
./dataset/xyz\2127_facet.mp3,facet
./dataset/xyz\2128_joints.mp3,joints
./dataset/xyz\2139_spine.mp3,spine
./dataset/xyz\2142_can't.mp3,can't
./dataset/xyz\2149_person's.mp3,person's
./dataset/xyz\2156_facet.mp3,facet
./dataset/xyz\2157_joints.mp3,joints
./dataset/xyz\2163_left.mp3,left
./dataset/xyz\2164_facet.mp3,facet
./dataset/xyz\2165_joints.mp3,joints
./dataset/xyz\2182_facet.mp3,facet
./dataset/xyz\2183_joints.mp3,joints
./dataset/xyz\2216_she's.mp3,she's
./dataset/xyz\2217_leaning.mp3,leaning
./dataset/xyz\2218_forward.mp3,forward
./dataset/xyz\2220_deflection.mp3,deflection
./dataset/xyz\2224_forward.mp3,forward
./dataset/xyz\2226_flexion.mp3,flexion
./dataset/xyz\2228_opens.mp3,opens
./dataset/xyz\2230_facet.mp3,facet
./dataset/xyz\2231_joints.mp3,joints
./dataset/xyz\2240_wider.mp3,wider
./dataset/xyz\2243_sides.mp3,sides
./dataset/xyz\2248_easier.mp3,easier
./dataset/xyz\2251_injection.mp3,injection
./dataset/xyz\2256_joint.mp3,joint
./dataset/xyz\2257_space.mp3,space
./dataset/xyz\2269_structural.mp3,structurally
./dataset/xyz\2272_few.mp3,few
./dataset/xyz\2274_ligaments.mp3,ligaments
./dataset/xyz\2277_few.mp3,few
./dataset/xyz\2281_i'm.mp3,i'm
./dataset/xyz\2289_players.mp3,players
./dataset/xyz\2300_restrictin.mp3,restricting
./dataset/xyz\2309_anterior.mp3,anterior
./dataset/xyz\2310_longitudin.mp3,longitudinal
./dataset/xyz\2311_ligament.mp3,ligament
./dataset/xyz\2313_anterior.mp3,anterior
./dataset/xyz\2333_spine.mp3,spine
./dataset/xyz\2338_vertebral.mp3,vertebral
./dataset/xyz\2341_closer.mp3,closer
./dataset/xyz\2344_organs.mp3,organs
./dataset/xyz\2347_guts.mp3,guts
./dataset/xyz\2352_inside.mp3,inside
./dataset/xyz\2370_spine.mp3,spine
./dataset/xyz\2374_arch.mp3,arch
./dataset/xyz\2375_backwards.mp3,backwards
./dataset/xyz\2377_ligament.mp3,ligament
./dataset/xyz\2384_restricts.mp3,restricts
./dataset/xyz\2385_extension.mp3,extension
./dataset/xyz\2391_spine.mp3,spine
./dataset/xyz\2393_extending.mp3,extending
./dataset/xyz\2398_injured.mp3,injured
./dataset/xyz\2400_posterior.mp3,posterior
./dataset/xyz\2401_longitude.mp3,longitude
./dataset/xyz\2402_ligament.mp3,ligament
./dataset/xyz\2407_exact.mp3,exact
./dataset/xyz\2410_runs.mp3,runs
./dataset/xyz\2413_posterior.mp3,posterior
./dataset/xyz\2414_surface.mp3,surface
./dataset/xyz\2417_sacrum.mp3,sacrum
./dataset/xyz\2423_c2.mp3,c2
./dataset/xyz\2430_restricts.mp3,restricts
./dataset/xyz\2431_flexion.mp3,flexion
./dataset/xyz\2438_the spine.mp3,the spine
./dataset/xyz\2442_bend.mp3,bend
./dataset/xyz\2443_forward.mp3,forward
./dataset/xyz\2449_stops.mp3,stops
./dataset/xyz\2457_motion.mp3,motion
./dataset/xyz\2465_shifting.mp3,shifting
./dataset/xyz\2470_spinous.mp3,spinous
./dataset/xyz\2471_ligament.mp3,ligament
./dataset/xyz\2481_spine.mp3,spine
./dataset/xyz\2484_runs.mp3,runs
./dataset/xyz\2487_spinous.mp3,spinous
./dataset/xyz\2491_spine.mp3,spine
./dataset/xyz\2497_bending.mp3,bending
./dataset/xyz\2498_forward.mp3,forward
./dataset/xyz\2511_spinous.mp3,spinous
./dataset/xyz\2515_poke.mp3,poke
./dataset/xyz\2519_skinny.mp3,skinny
./dataset/xyz\2524_poke.mp3,poke
./dataset/xyz\2528_backside.mp3,backside
./dataset/xyz\2531_spine.mp3,spine
./dataset/xyz\2533_ligament's.mp3,ligament's
./dataset/xyz\2540_superficia.mp3,superficial
./dataset/xyz\2548_touch.mp3,touch
./dataset/xyz\2554_palpate.mp3,palpate
./dataset/xyz\2557_spinous.mp3,spinous
./dataset/xyz\2558_ligament.mp3,ligament
./dataset/xyz\2572_pain.mp3,pain
./dataset/xyz\2582_spine.mp3,spine
./dataset/xyz\2586_restrict.mp3,restrict
./dataset/xyz\2587_flexion.mp3,flexion
./dataset/xyz\2590_posterior.mp3,posterior
./dataset/xyz\2591_longitudin.mp3,longitudinal
./dataset/xyz\2592_ligament.mp3,ligament
./dataset/xyz\2597_controllin.mp3,controlling
./dataset/xyz\2601_sagittal.mp3,sagittal
./dataset/xyz\2604_forward.mp3,forward
./dataset/xyz\2616_three.mp3,three
./dataset/xyz\2634_vertebral.mp3,vertebral
./dataset/xyz\2644_disc.mp3,disc
./dataset/xyz\2649_anterior.mp3,anterior
./dataset/xyz\2650_longitudin.mp3,longitudinal
./dataset/xyz\2651_gamete.mp3,gamete
./dataset/xyz\2655_ligament.mp3,ligament
./dataset/xyz\2657_runs.mp3,runs
./dataset/xyz\2664_spine.mp3,spine
./dataset/xyz\2671_arched.mp3,arched
./dataset/xyz\2678_posterior.mp3,posterior
./dataset/xyz\2679_longitudin.mp3,longitudinal
./dataset/xyz\2680_ligament.mp3,ligament
./dataset/xyz\2690_runs.mp3,runs
./dataset/xyz\2693_central.mp3,central
./dataset/xyz\2694_foramen.mp3,foramen
./dataset/xyz\2697_spinal.mp3,spinal
./dataset/xyz\2698_cord.mp3,cord
./dataset/xyz\2706_spinal.mp3,spinal
./dataset/xyz\2707_cord.mp3,cord
./dataset/xyz\2709_behind.mp3,behind
./dataset/xyz\2711_behind.mp3,behind
./dataset/xyz\2713_ligament.mp3,ligament
./dataset/xyz\2718_narrow.mp3,narrow
./dataset/xyz\2719_ligament.mp3,ligament
./dataset/xyz\2722_anterior.mp3,anterior
./dataset/xyz\2723_longitudin.mp3,longitudinal
./dataset/xyz\2727_one's.mp3,one's
./dataset/xyz\2730_restrict.mp3,restrict
./dataset/xyz\2731_flexion.mp3,flexion
./dataset/xyz\2733_spinous.mp3,spinous
./dataset/xyz\2734_ligament.mp3,ligament
./dataset/xyz\2749_spine.mp3,spine
./dataset/xyz\2750_connecting.mp3,connecting
./dataset/xyz\2752_spinous.mp3,spinous
./dataset/xyz\2768_ligamentum.mp3,ligamentum
./dataset/xyz\2769_flavum.mp3,flavum
./dataset/xyz\2772_inter.mp3,inter
./dataset/xyz\2773_transverse.mp3,transverse
./dataset/xyz\2774_ligament.mp3,ligament
./dataset/xyz\2776_goes.mp3,goes
./dataset/xyz\2779_transverse.mp3,transverse
./dataset/xyz\2787_shows.mp3,shows
./dataset/xyz\2790_capsule.mp3,capsule
./dataset/xyz\2798_facet.mp3,facet
./dataset/xyz\2799_joint.mp3,joint
./dataset/xyz\2804_exposed.mp3,exposed
./dataset/xyz\2810_looks.mp3,looks
./dataset/xyz\2818_ligamentou.mp3,ligamentous
./dataset/xyz\2820_connective.mp3,connective
./dataset/xyz\2821_tissue.mp3,tissue
./dataset/xyz\2822_joint.mp3,joint
./dataset/xyz\2823_capsule.mp3,capsule
./dataset/xyz\2829_synovial.mp3,synovial
./dataset/xyz\2830_joints.mp3,joints
./dataset/xyz\2836_joint.mp3,joint
./dataset/xyz\2837_fluid.mp3,fluid
./dataset/xyz\2844_joints.mp3,joints
./dataset/xyz\2846_pop.mp3,pop
./dataset/xyz\2849_twist.mp3,twist
./dataset/xyz\2851_spine.mp3,spine
./dataset/xyz\2859_knuckles.mp3,knuckles
./dataset/xyz\2862_hand.mp3,hand
./dataset/xyz\2871_image.mp3,image
./dataset/xyz\2878_ligaments.mp3,ligaments
./dataset/xyz\2898_spine.mp3,spine
./dataset/xyz\2903_introducin.mp3,introducing
./dataset/xyz\2911_nerve.mp3,nerve
./dataset/xyz\2912_roots.mp3,roots
./dataset/xyz\2913_nerve.mp3,nerve
./dataset/xyz\2914_roots.mp3,roots
./dataset/xyz\2921_left.mp3,left
./dataset/xyz\2922_nerve.mp3,nerve
./dataset/xyz\2923_root.mp3,root
./dataset/xyz\2926_level.mp3,level
./dataset/xyz\2939_spine.mp3,spine
./dataset/xyz\2942_interverte.mp3,intervertebral
./dataset/xyz\2943_foramen.mp3,foramen
./dataset/xyz\2951_arthritis.mp3,arthritis
./dataset/xyz\2954_foramen.mp3,foramen
./dataset/xyz\2961_spinal.mp3,spinal
./dataset/xyz\2962_lateral.mp3,lateral
./dataset/xyz\2963_spinal.mp3,spinal
./dataset/xyz\2964_stenosis.mp3,stenosis
./dataset/xyz\2968_hear.mp3,hear
./dataset/xyz\2971_numbness.mp3,numbness
./dataset/xyz\2973_tingling.mp3,tingling
./dataset/xyz\2976_arm.mp3,arm
./dataset/xyz\2978_leg.mp3,leg
./dataset/xyz\2987_arthritis.mp3,arthritis
./dataset/xyz\2992_nerve.mp3,nerve
./dataset/xyz\2993_roots.mp3,roots
./dataset/xyz\2995_responsibl.mp3,responsible
./dataset/xyz\2998_motor.mp3,motor
./dataset/xyz\3000_sensory.mp3,sensory
./dataset/xyz\3004_carry.mp3,carry
./dataset/xyz\3007_involved.mp3,involved
./dataset/xyz\3009_sensation.mp3,sensation
./dataset/xyz\3012_arms.mp3,arms
./dataset/xyz\3014_legs.mp3,legs
./dataset/xyz\3025_sensation.mp3,sensation
./dataset/xyz\3028_legs.mp3,legs
./dataset/xyz\3031_motor.mp3,motor
./dataset/xyz\3032_responses.mp3,responses
./dataset/xyz\3042_nerve.mp3,nerve
./dataset/xyz\3043_root.mp3,root
./dataset/xyz\3046_compromise.mp3,compromised
./dataset/xyz\3053_disc.mp3,disc
./dataset/xyz\3054_herniation.mp3,herniation
./dataset/xyz\3057_mechanical.mp3,mechanically
./dataset/xyz\3058_impinging.mp3,impinging
./dataset/xyz\3061_nerve.mp3,nerve
./dataset/xyz\3062_root.mp3,root
./dataset/xyz\3066_sensory.mp3,sensory
./dataset/xyz\3067_disturbanc.mp3,disturbances
./dataset/xyz\3069_numbness.mp3,numbness
./dataset/xyz\3070_tingling.mp3,tingling
./dataset/xyz\3074_pain.mp3,pain
./dataset/xyz\3084_motor.mp3,motor
./dataset/xyz\3085_disturbanc.mp3,disturbances
./dataset/xyz\3090_develop.mp3,develop
./dataset/xyz\3091_weakness.mp3,weakness
./dataset/xyz\3093_can't.mp3,can't
./dataset/xyz\3104_lower.mp3,lower
./dataset/xyz\3111_ankle.mp3,ankle
./dataset/xyz\3112_dorsiflexo.mp3,dorsiflexors
./dataset/xyz\3121_paralyze.mp3,paralyze
./dataset/xyz\3123_ankle.mp3,ankle
./dataset/xyz\3124_door.mp3,door
./dataset/xyz\3125_selectors.mp3,selectors
./dataset/xyz\3132_drop.mp3,drop
./dataset/xyz\3133_foot.mp3,foot
./dataset/xyz\3136_foot.mp3,foot
./dataset/xyz\3139_falls.mp3,falls
./dataset/xyz\3142_can't.mp3,can't
./dataset/xyz\3143_lift.mp3,lift
./dataset/xyz\3147_catch.mp3,catch
./dataset/xyz\3155_scenarios.mp3,scenarios
./dataset/xyz\3157_try.mp3,try
./dataset/xyz\3163_appropriat.mp3,appropriate
./dataset/xyz\3164_care.mp3,care
./dataset/xyz\3166_before.mp3,before
./dataset/xyz\3177_says.mp3,says
./dataset/xyz\3183_interverte.mp3,intervertebral
./dataset/xyz\3184_disc.mp3,disc
./dataset/xyz\3187_facet.mp3,facet
./dataset/xyz\3188_joint.mp3,joint
./dataset/xyz\3200_nerve.mp3,nerve
./dataset/xyz\3202_disc.mp3,disc
./dataset/xyz\3203_herniation.mp3,herniations
./dataset/xyz\3213_nerve.mp3,nerve
./dataset/xyz\3214_root.mp3,root
./dataset/xyz\3221_facet.mp3,facet
./dataset/xyz\3222_joint.mp3,joint
./dataset/xyz\3225_arthritis.mp3,arthritis
./dataset/xyz\3228_facet.mp3,facet
./dataset/xyz\3229_joint.mp3,joint
./dataset/xyz\3232_narrow.mp3,narrow
./dataset/xyz\3234_inner.mp3,inner
./dataset/xyz\3235_vertebral.mp3,vertebral
./dataset/xyz\3236_foramen.mp3,foramen
./dataset/xyz\3240_stenosis.mp3,stenosis
./dataset/xyz\3250_pay.mp3,pay
./dataset/xyz\3251_attention.mp3,attention
./dataset/xyz\3253_nerve.mp3,nerve
./dataset/xyz\3254_root.mp3,root
./dataset/xyz\3255_signs.mp3,signs
./dataset/xyz\3261_although.mp3,although
./dataset/xyz\3263_peripheral.mp3,peripheral
./dataset/xyz\3264_nerves.mp3,nerves
./dataset/xyz\3266_nerve.mp3,nerve
./dataset/xyz\3267_roots.mp3,roots
./dataset/xyz\3272_purple.mp3,purple
./dataset/xyz\3273_nervous.mp3,nervous
./dataset/xyz\3274_system.mp3,system
./dataset/xyz\3277_ability.mp3,ability
./dataset/xyz\3279_regenerate.mp3,regenerate
./dataset/xyz\3280_somewhat.mp3,somewhat
./dataset/xyz\3285_compromise.mp3,compromised
./dataset/xyz\3288_regenerate.mp3,regenerate
./dataset/xyz\3291_seen.mp3,seen
./dataset/xyz\3292_cases.mp3,cases
./dataset/xyz\3295_past.mp3,past
./dataset/xyz\3299_weren't.mp3,weren't
./dataset/xyz\3300_trained.mp3,trained
./dataset/xyz\3303_left.mp3,left
./dataset/xyz\3307_didn't.mp3,didn't
./dataset/xyz\3308_send.mp3,send
./dataset/xyz\3311_medical.mp3,medical
./dataset/xyz\3312_checks.mp3,checks
./dataset/xyz\3315_ended.mp3,ended
./dataset/xyz\3318_permanent.mp3,permanent
./dataset/xyz\3319_permanent.mp3,permanent
./dataset/xyz\3320_paralysis.mp3,paralysis
./dataset/xyz\3323_muscle.mp3,muscle
./dataset/xyz\3330_wasn't.mp3,wasn't
./dataset/xyz\3332_paying.mp3,paying
./dataset/xyz\3333_attention.mp3,attention
./dataset/xyz\3336_symptoms.mp3,symptoms
./dataset/xyz\3338_wasn't.mp3,wasn't
./dataset/xyz\3339_referring.mp3,referring
./dataset/xyz\3343_medical.mp3,medical
./dataset/xyz\3344_screening.mp3,screening
./dataset/xyz\3346_care.mp3,care
./dataset/xyz\3358_numbness.mp3,numbness
./dataset/xyz\3359_tingling.mp3,tingling
./dataset/xyz\3362_starting.mp3,starting
./dataset/xyz\3364_develop.mp3,develop
./dataset/xyz\3365_weakness.mp3,weakness
./dataset/xyz\3370_send.mp3,send
./dataset/xyz\3374_doctor.mp3,doctor
./dataset/xyz\3377_image.mp3,image
./dataset/xyz\3381_nerve.mp3,nerve
./dataset/xyz\3382_roots.mp3,roots
./dataset/xyz\3390_spinal.mp3,spinal
./dataset/xyz\3391_cord.mp3,cord
./dataset/xyz\3400_spine.mp3,spine
./dataset/xyz\3404_vertebral.mp3,vertebral
./dataset/xyz\3411_the spine.mp3,the spine
./dataset/xyz\3416_bony.mp3,bony
./dataset/xyz\3417_projection.mp3,projections
./dataset/xyz\3419_spinous.mp3,spinous
./dataset/xyz\3424_transverse.mp3,transverse
./dataset/xyz\3430_spinal.mp3,spinal
./dataset/xyz\3431_cord.mp3,cord
./dataset/xyz\3436_center.mp3,center
./dataset/xyz\3439_within.mp3,within
./dataset/xyz\3441_spinal.mp3,spinal
./dataset/xyz\3442_cord.mp3,cord
./dataset/xyz\3446_nerve.mp3,nerve
./dataset/xyz\3447_root.mp3,root
./dataset/xyz\3449_nerve.mp3,nerve
./dataset/xyz\3450_root.mp3,root
./dataset/xyz\3453_ventral.mp3,ventral
./dataset/xyz\3454_portion.mp3,portion
./dataset/xyz\3456_ventral.mp3,ventral
./dataset/xyz\3457_rootlet.mp3,rootlet
./dataset/xyz\3460_dorsal.mp3,dorsal
./dataset/xyz\3461_rootlet.mp3,rootlet
./dataset/xyz\3462_what's.mp3,what's
./dataset/xyz\3463_key.mp3,key
./dataset/xyz\3469_ventral.mp3,ventral
./dataset/xyz\3471_carries.mp3,carries
./dataset/xyz\3473_motor.mp3,motor
./dataset/xyz\3476_carries.mp3,carries
./dataset/xyz\3478_motor.mp3,motor
./dataset/xyz\3479_informatio.mp3,information
./dataset/xyz\3487_muscle.mp3,muscle
./dataset/xyz\3488_activating.mp3,activating
./dataset/xyz\3490_muscle.mp3,muscle
./dataset/xyz\3496_ventral.mp3,ventral
./dataset/xyz\3497_rootlet.mp3,rootlet
./dataset/xyz\3501_dorsal.mp3,dorsal
./dataset/xyz\3502_root.mp3,root
./dataset/xyz\3503_lid.mp3,lid
./dataset/xyz\3506_sensory.mp3,sensory
./dataset/xyz\3507_informatio.mp3,information
./dataset/xyz\3513_touches.mp3,touches
./dataset/xyz\3517_leg.mp3,leg
./dataset/xyz\3519_informatio.mp3,information
./dataset/xyz\3522_carried.mp3,carried
./dataset/xyz\3525_dorsal.mp3,dorsal
./dataset/xyz\3528_dorsal.mp3,dorsal
./dataset/xyz\3532_spinal.mp3,spinal
./dataset/xyz\3533_cord.mp3,cord
./dataset/xyz\3534_informatio.mp3,information
./dataset/xyz\3539_brain.mp3,brain
./dataset/xyz\3543_muscle.mp3,muscle
./dataset/xyz\3548_ventral.mp3,ventral
./dataset/xyz\3549_rootlet.mp3,rootlet
./dataset/xyz\3559_merging.mp3,merging
./dataset/xyz\3562_nerve.mp3,nerve
./dataset/xyz\3563_root.mp3,root
./dataset/xyz\3568_forming.mp3,forming
./dataset/xyz\3571_peripheral.mp3,peripheral
./dataset/xyz\3572_nerves.mp3,nerves
./dataset/xyz\3587_bulbs.mp3,bulbs
./dataset/xyz\3591_dorsal.mp3,dorsal
./dataset/xyz\3592_root.mp3,root
./dataset/xyz\3593_ganglion.mp3,ganglion
./dataset/xyz\3599_sensory.mp3,sensory
./dataset/xyz\3600_informatio.mp3,information
./dataset/xyz\3611_mini.mp3,mini
./dataset/xyz\3612_brain.mp3,brain
./dataset/xyz\3617_processing.mp3,processing
./dataset/xyz\3619_sensory.mp3,sensory
./dataset/xyz\3620_informatio.mp3,information
./dataset/xyz\3621_before.mp3,before
./dataset/xyz\3623_goes.mp3,goes
./dataset/xyz\3626_spinal.mp3,spinal
./dataset/xyz\3627_cord.mp3,cord
./dataset/xyz\3633_ventral's.mp3,ventral's
./dataset/xyz\3634_motor.mp3,motor
./dataset/xyz\3635_dorsal.mp3,dorsal
./dataset/xyz\3636_sensory.mp3,sensory
./dataset/xyz\3642_nerve.mp3,nerve
./dataset/xyz\3643_root.mp3,root
./dataset/xyz\3648_sides.mp3,sides
./dataset/xyz\3651_nerve.mp3,nerve
./dataset/xyz\3652_roots.mp3,roots
./dataset/xyz\3659_join.mp3,join
./dataset/xyz\3664_nerves.mp3,nerves
./dataset/xyz\3670_bunch.mp3,bunch
./dataset/xyz\3672_nerve.mp3,nerve
./dataset/xyz\3673_roots.mp3,roots
./dataset/xyz\3681_sciatic.mp3,sciatic
./dataset/xyz\3682_nerve.mp3,nerve
./dataset/xyz\3686_nerves.mp3,nerves
./dataset/xyz\3692_made.mp3,made
./dataset/xyz\3696_bunch.mp3,bunch
./dataset/xyz\3703_two.mp3,two
./dataset/xyz\3705_five.mp3,five
./dataset/xyz\3708_nerve.mp3,nerve
./dataset/xyz\3709_roots.mp3,roots
./dataset/xyz\3716_musculatur.mp3,musculature
./dataset/xyz\3719_lumbar.mp3,lumbar
./dataset/xyz\3720_spine.mp3,spine
./dataset/xyz\3727_categories.mp3,categories
./dataset/xyz\3735_lumbar.mp3,lumbar
./dataset/xyz\3736_flexors.mp3,flexors
./dataset/xyz\3743_abdominals.mp3,abdominals
./dataset/xyz\3745_muscles.mp3,muscles
./dataset/xyz\3747_rectus.mp3,rectus
./dataset/xyz\3748_abdominus.mp3,abdominus
./dataset/xyz\3750_obliques.mp3,obliques
./dataset/xyz\3758_abdominal.mp3,abdominal
./dataset/xyz\3759_muscles.mp3,muscles
./dataset/xyz\3760_psoas.mp3,psoas
./dataset/xyz\3767_flexor.mp3,flexor
./dataset/xyz\3768_extensors.mp3,extensors
./dataset/xyz\3772_erector.mp3,erector
./dataset/xyz\3773_spinae.mp3,spinae
./dataset/xyz\3780_spine.mp3,spine
./dataset/xyz\3784_iliocostal.mp3,iliocostalis
./dataset/xyz\3785_lumborum.mp3,lumborum
./dataset/xyz\3790_lumbora.mp3,lumbora
./dataset/xyz\3792_after.mp3,after
./dataset/xyz\3797_change.mp3,change
./dataset/xyz\3806_spine.mp3,spine
./dataset/xyz\3809_of these.mp3,of these
./dataset/xyz\3810_muscles.mp3,muscles
./dataset/xyz\3814_length.mp3,length
./dataset/xyz\3817_spine.mp3,spine
./dataset/xyz\3828_naming.mp3,naming
./dataset/xyz\3829_system.mp3,system
./dataset/xyz\3831_tell.mp3,tell
./dataset/xyz\3837_iliocostal.mp3,iliocostalis
./dataset/xyz\3840_lumborum.mp3,lumborum
./dataset/xyz\3844_it'd.mp3,it'd
./dataset/xyz\3846_iliocostal.mp3,iliocostalis
./dataset/xyz\3847_thoracis.mp3,thoracis
./dataset/xyz\3850_thoracic.mp3,thoracic
./dataset/xyz\3851_spine.mp3,spine
./dataset/xyz\3854_cervicis.mp3,cervicis
./dataset/xyz\3857_neck.mp3,neck
./dataset/xyz\3860_differenti.mp3,differentiate
./dataset/xyz\3863_longismis.mp3,longismis
./dataset/xyz\3867_muscle.mp3,muscle
./dataset/xyz\3868_multifidus.mp3,multifidus
./dataset/xyz\3877_post.mp3,post
./dataset/xyz\3878_recently.mp3,recently
./dataset/xyz\3880_multifidus.mp3,multifidus
./dataset/xyz\3887_atrophies.mp3,atrophies
./dataset/xyz\3898_pain.mp3,pain
./dataset/xyz\3901_pain.mp3,pain
./dataset/xyz\3908_changes.mp3,changes
./dataset/xyz\3911_multifidus.mp3,multifidus
./dataset/xyz\3915_muscle.mp3,muscle
./dataset/xyz\3919_training.mp3,training
./dataset/xyz\3925_pain.mp3,pain
./dataset/xyz\3926_rotators.mp3,rotators
./dataset/xyz\3928_extensors.mp3,extensors
./dataset/xyz\3930_muscles.mp3,muscles
./dataset/xyz\3932_contribute.mp3,contribute
./dataset/xyz\3934_rotation.mp3,rotation
./dataset/xyz\3935_multifidus.mp3,multifidus
./dataset/xyz\3940_muscles.mp3,muscles
./dataset/xyz\3949_squeeze.mp3,squeeze
./dataset/xyz\3961_rotation.mp3,rotation
./dataset/xyz\3966_bending.mp3,bending
./dataset/xyz\3968_lateral.mp3,lateral
./dataset/xyz\3969_flexion.mp3,flexion
./dataset/xyz\3974_muscle.mp3,muscle
./dataset/xyz\3976_iliocostal.mp3,iliocostalis
./dataset/xyz\3977_lumborum.mp3,lumborum
./dataset/xyz\3980_traditiona.mp3,traditionally
./dataset/xyz\3983_extensor.mp3,extensor
./dataset/xyz\3986_crea.mp3,crea
./dataset/xyz\3993_left.mp3,left
./dataset/xyz\3994_iliocostal.mp3,iliocostalis
./dataset/xyz\3995_muscle.mp3,muscle
./dataset/xyz\3997_it will.mp3,it will
./dataset/xyz\3999_spinal.mp3,spinal
./dataset/xyz\4000_extension.mp3,extension
./dataset/xyz\4003_only.mp3,only
./dataset/xyz\4013_bend.mp3,bend
./dataset/xyz\4015_lateral.mp3,lateral
./dataset/xyz\4016_flexion.mp3,flexion
./dataset/xyz\4017_quadratus.mp3,quadratus
./dataset/xyz\4018_lumborum.mp3,lumborum
./dataset/xyz\4020_similar.mp3,similar
./dataset/xyz\4031_involved.mp3,involved
./dataset/xyz\4034_cases.mp3,cases
./dataset/xyz\4038_pain.mp3,pain
./dataset/xyz\4044_lateral.mp3,lateral
./dataset/xyz\4045_flexor.mp3,flexor
./dataset/xyz\4049_train.mp3,train
./dataset/xyz\4051_muscle.mp3,muscle
./dataset/xyz\4056_planks.mp3,planks
./dataset/xyz\4058_farmer.mp3,farmer
./dataset/xyz\4059_carries.mp3,carries
./dataset/xyz\4070_general.mp3,general
./dataset/xyz\4073_muscle.mp3,muscle
./dataset/xyz\4074_action.mp3,action
./dataset/xyz\4075_osteokinem.mp3,osteokinematic
./dataset/xyz\4085_spine.mp3,spine
./dataset/xyz\4088_larger.mp3,larger
./dataset/xyz\4093_osteokinem.mp3,osteokinematics
./dataset/xyz\4096_bone.mp3,bone
./dataset/xyz\4098_bone.mp3,bone
./dataset/xyz\4108_familiar.mp3,familiar
./dataset/xyz\4110_flexion.mp3,flexion
./dataset/xyz\4111_extension.mp3,extension
./dataset/xyz\4121_include.mp3,include
./dataset/xyz\4145_flexion.mp3,flexion
./dataset/xyz\4146_extension.mp3,extension
./dataset/xyz\4149_motion.mp3,motion
./dataset/xyz\4153_motion.mp3,motion
./dataset/xyz\4154_occurs.mp3,occurs
./dataset/xyz\4159_lower.mp3,lower
./dataset/xyz\4160_segments.mp3,segments
./dataset/xyz\4161_l.mp3,l
./dataset/xyz\4162_three.mp3,three
./dataset/xyz\4163_four.mp3,four
./dataset/xyz\4164_l.mp3,l
./dataset/xyz\4165_four.mp3,four
./dataset/xyz\4166_five.mp3,five
./dataset/xyz\4170_surprising.mp3,surprisingly
./dataset/xyz\4172_lower.mp3,lower
./dataset/xyz\4173_segments.mp3,segments
./dataset/xyz\4180_tends.mp3,tends
./dataset/xyz\4187_tear.mp3,tear
./dataset/xyz\4189_disc.mp3,disc
./dataset/xyz\4190_herniation.mp3,herniations
./dataset/xyz\4201_moves.mp3,moves
./dataset/xyz\4216_degenerati.mp3,degenerative
./dataset/xyz\4217_changes.mp3,changes
./dataset/xyz\4220_segments.mp3,segments
./dataset/xyz\4227_bending.mp3,bending
./dataset/xyz\4229_lateral.mp3,lateral
./dataset/xyz\4230_flexion.mp3,flexion
./dataset/xyz\4232_greatest.mp3,greatest
./dataset/xyz\4235_thoracolum.mp3,thoracolumbar
./dataset/xyz\4236_junction.mp3,junction
./dataset/xyz\4241_thoracic.mp3,thoracic
./dataset/xyz\4242_spine.mp3,spine
./dataset/xyz\4243_meets.mp3,meets
./dataset/xyz\4245_lumbar.mp3,lumbar
./dataset/xyz\4246_spine.mp3,spine
./dataset/xyz\4250_t12.mp3,t12
./dataset/xyz\4252_l1.mp3,l1
./dataset/xyz\4260_bend.mp3,bend
./dataset/xyz\4262_goes.mp3,goes
./dataset/xyz\4270_lower.mp3,lower
./dataset/xyz\4271_segments.mp3,segments
./dataset/xyz\4274_lower.mp3,lower
./dataset/xyz\4275_lumbar.mp3,lumbar
./dataset/xyz\4276_spine.mp3,spine
./dataset/xyz\4283_goes.mp3,goes
./dataset/xyz\4292_pay.mp3,pay
./dataset/xyz\4296_attention.mp3,attention
./dataset/xyz\4304_pain.mp3,pain
./dataset/xyz\4306_symptoms.mp3,symptoms
./dataset/xyz\4309_lower.mp3,lower
./dataset/xyz\4310_segments.mp3,segments
./dataset/xyz\4311_rotation.mp3,rotation
./dataset/xyz\4314_lumbar.mp3,lumbar
./dataset/xyz\4315_spine.mp3,spine
./dataset/xyz\4318_present.mp3,present
./dataset/xyz\4321_similar.mp3,similar
./dataset/xyz\4336_rotation.mp3,rotation
./dataset/xyz\4339_neck.mp3,neck
./dataset/xyz\4343_thoracic.mp3,thoracic
./dataset/xyz\4344_spine.mp3,spine
./dataset/xyz\4349_rotation.mp3,rotation
./dataset/xyz\4352_lumbar.mp3,lumbar
./dataset/xyz\4353_spine.mp3,spine
./dataset/xyz\4360_graph.mp3,graph
./dataset/xyz\4368_useful.mp3,useful
./dataset/xyz\4374_save.mp3,save
./dataset/xyz\4380_shows.mp3,shows
./dataset/xyz\4381_different.mp3,different
./dataset/xyz\4388_flexion.mp3,flexion
./dataset/xyz\4389_extension.mp3,extension
./dataset/xyz\4391_bend.mp3,bend
./dataset/xyz\4392_lateral.mp3,lateral
./dataset/xyz\4393_flexion.mp3,flexion
./dataset/xyz\4396_rotation.mp3,rotation
./dataset/xyz\4399_shows.mp3,shows
./dataset/xyz\4402_course.mp3,course
./dataset/xyz\4405_relates.mp3,relates
./dataset/xyz\4411_spine.mp3,spine
./dataset/xyz\4421_l1.mp3,l1
./dataset/xyz\4423_five.mp3,five
./dataset/xyz\4431_flexion.mp3,flexion
./dataset/xyz\4432_extension.mp3,extension
./dataset/xyz\4438_lower.mp3,lower
./dataset/xyz\4439_segments.mp3,segments
./dataset/xyz\4447_bending.mp3,bending
./dataset/xyz\4449_similar.mp3,similar
./dataset/xyz\4461_thoracolum.mp3,thoracolumbar
./dataset/xyz\4462_junction.mp3,junction
./dataset/xyz\4468_of these.mp3,of these
./dataset/xyz\4469_lower.mp3,lower
./dataset/xyz\4470_segments.mp3,segments
./dataset/xyz\4475_rotation.mp3,rotation
./dataset/xyz\4478_rotation.mp3,rotation
./dataset/xyz\4483_except.mp3,except
./dataset/xyz\4487_bottom.mp3,bottom
./dataset/xyz\4489_l5.mp3,l5
./dataset/xyz\4490_s1.mp3,s1
./dataset/xyz\4491_excuse.mp3,excuse
./dataset/xyz\4494_lower.mp3,lower
./dataset/xyz\4495_segment.mp3,segment
./dataset/xyz\4496_rotation.mp3,rotation
./dataset/xyz\4501_hand.mp3,hand
./dataset/xyz\4509_thoracic.mp3,thoracic
./dataset/xyz\4510_spine.mp3,spine
./dataset/xyz\4518_joint.mp3,joint
./dataset/xyz\4520_joint.mp3,joint
./dataset/xyz\4526_joint.mp3,joint
./dataset/xyz\4529_c1.mp3,c1
./dataset/xyz\4532_c2.mp3,c2
./dataset/xyz\4535_pivot.mp3,pivot
./dataset/xyz\4536_joint.mp3,joint
./dataset/xyz\4544_joint.mp3,joint
./dataset/xyz\4547_pivot.mp3,pivot
./dataset/xyz\4548_joint.mp3,joint
./dataset/xyz\4551_0.mp3,0
./dataset/xyz\4553_20.mp3,20
./dataset/xyz\4554_degrees.mp3,degrees
./dataset/xyz\4557_joint.mp3,joint
./dataset/xyz\4562_45.mp3,45
./dataset/xyz\4563_degrees.mp3,degrees
./dataset/xyz\4565_rotation.mp3,rotation
./dataset/xyz\4568_neck.mp3,neck
./dataset/xyz\4570_total.mp3,total
./dataset/xyz\4572_80.mp3,80
./dataset/xyz\4573_degrees.mp3,degrees
./dataset/xyz\4575_rotation.mp3,rotation
./dataset/xyz\4579_joint.mp3,joint
./dataset/xyz\4586_neck.mp3,neck
./dataset/xyz\4587_rotation.mp3,rotation
./dataset/xyz\4592_bending.mp3,bending
./dataset/xyz\4602_lumbar.mp3,lumbar
./dataset/xyz\4603_thoracic.mp3,thoracic
./dataset/xyz\4604_spine.mp3,spine
./dataset/xyz\4615_neck.mp3,neck
./dataset/xyz\4617_thoracic.mp3,thoracic
./dataset/xyz\4618_spine.mp3,spine
./dataset/xyz\4619_doesn't.mp3,doesn't
./dataset/xyz\4624_flexion.mp3,flexion
./dataset/xyz\4625_extension.mp3,extension
./dataset/xyz\4633_lumbar.mp3,lumbar
./dataset/xyz\4634_spine.mp3,spine
./dataset/xyz\4640_neck.mp3,neck
./dataset/xyz\4644_neck.mp3,neck
./dataset/xyz\4649_wide.mp3,wide
./dataset/xyz\4650_range.mp3,range
./dataset/xyz\4652_motion.mp3,motion
./dataset/xyz\4657_forward.mp3,forward
./dataset/xyz\4660_flexion.mp3,flexion
./dataset/xyz\4661_extension.mp3,extension
./dataset/xyz\4670_useful.mp3,useful
./dataset/xyz\4671_useful.mp3,useful
./dataset/xyz\4672_chart.mp3,chart
./dataset/xyz\4680_summarize.mp3,summarize
./dataset/xyz\4683_range.mp3,range
./dataset/xyz\4685_motion.mp3,motion
./dataset/xyz\4686_available.mp3,available
./dataset/xyz\4689_spine.mp3,spine
./dataset/xyz\4692_arthrokine.mp3,arthrokinematic
./dataset/xyz\4693_standpoint.mp3,standpoint
./dataset/xyz\4703_hit.mp3,hit
./dataset/xyz\4708_luckily.mp3,luckily
./dataset/xyz\4711_spine.mp3,spine
./dataset/xyz\4713_stuff.mp3,stuff
./dataset/xyz\4717_complex.mp3,complex
./dataset/xyz\4720_need.mp3,need
./dataset/xyz\4726_facet.mp3,facet
./dataset/xyz\4727_joints.mp3,joints
./dataset/xyz\4741_flexion.mp3,flexion
./dataset/xyz\4742_we'd.mp3,we'd
./dataset/xyz\4743_bend.mp3,bend
./dataset/xyz\4744_forward.mp3,forward
./dataset/xyz\4746_touch.mp3,touch
./dataset/xyz\4748_toes.mp3,toes
./dataset/xyz\4750_facet.mp3,facet
./dataset/xyz\4751_joints.mp3,joints
./dataset/xyz\4764_apart.mp3,apart
./dataset/xyz\4766_less.mp3,less
./dataset/xyz\4767_contact.mp3,contact
./dataset/xyz\4776_nerve.mp3,nerve
./dataset/xyz\4777_root.mp3,root
./dataset/xyz\4781_opens.mp3,opens
./dataset/xyz\4786_wider.mp3,wider
./dataset/xyz\4788_diameter.mp3,diameter
./dataset/xyz\4791_increases.mp3,increases
./dataset/xyz\4794_cassette.mp3,cassette
./dataset/xyz\4795_joints.mp3,joints
./dataset/xyz\4797_sliding.mp3,sliding
./dataset/xyz\4798_apart.mp3,apart
./dataset/xyz\4809_extension.mp3,extension
./dataset/xyz\4811_arch.mp3,arch
./dataset/xyz\4815_facet.mp3,facet
./dataset/xyz\4816_joints.mp3,joints
./dataset/xyz\4827_inner.mp3,inner
./dataset/xyz\4828_chain.mp3,chain
./dataset/xyz\4830_inner.mp3,inner
./dataset/xyz\4831_vertebral.mp3,vertebral
./dataset/xyz\4832_foramen.mp3,foramen
./dataset/xyz\4833_closes.mp3,closes
./dataset/xyz\4837_less.mp3,less
./dataset/xyz\4838_room.mp3,room
./dataset/xyz\4841_nerve.mp3,nerve
./dataset/xyz\4842_roots.mp3,roots
./dataset/xyz\4844_you'll.mp3,you'll
./dataset/xyz\4845_hear.mp3,hear
./dataset/xyz\4853_radicular.mp3,radicular
./dataset/xyz\4854_pain.mp3,pain
./dataset/xyz\4857_pain.mp3,pain
./dataset/xyz\4862_nerve.mp3,nerve
./dataset/xyz\4863_root.mp3,root
./dataset/xyz\4872_neck.mp3,neck
./dataset/xyz\4877_neck.mp3,neck
./dataset/xyz\4881_times.mp3,times
./dataset/xyz\4882_it'll.mp3,it'll
./dataset/xyz\4883_call.mp3,call
./dataset/xyz\4885_shooting.mp3,shooting
./dataset/xyz\4886_pain.mp3,pain
./dataset/xyz\4890_arm.mp3,arm
./dataset/xyz\4899_inner.mp3,inner
./dataset/xyz\4900_vertebral.mp3,vertebral
./dataset/xyz\4901_foramen.mp3,foramen
./dataset/xyz\4905_almost.mp3,almost
./dataset/xyz\4910_choking.mp3,choking
./dataset/xyz\4912_nerve.mp3,nerve
./dataset/xyz\4913_root.mp3,root
./dataset/xyz\4920_you'll.mp3,you'll
./dataset/xyz\4921_hear.mp3,hear
./dataset/xyz\4927_sensitive.mp3,sensitive
./dataset/xyz\4928_nerve.mp3,nerve
./dataset/xyz\4929_roots.mp3,roots
./dataset/xyz\4936_bend.mp3,bend
./dataset/xyz\4938_rotation.mp3,rotation
./dataset/xyz\4947_bend.mp3,bend
./dataset/xyz\4949_direction.mp3,direction
./dataset/xyz\4953_bend.mp3,bend
./dataset/xyz\4955_what's.mp3,what's
./dataset/xyz\4961_facet.mp3,facet
./dataset/xyz\4962_joints.mp3,joints
./dataset/xyz\4966_hand.mp3,hand
./dataset/xyz\4974_facet.mp3,facet
./dataset/xyz\4975_joints.mp3,joints
./dataset/xyz\4978_left-hand.mp3,left-hand
./dataset/xyz\4996_bend.mp3,bend
./dataset/xyz\5006_left.mp3,left
./dataset/xyz\5014_rotating.mp3,rotating
./dataset/xyz\5017_left.mp3,left
./dataset/xyz\5020_behind.mp3,behind
./dataset/xyz\5022_i'm.mp3,i'm
./dataset/xyz\5033_left.mp3,left
./dataset/xyz\5046_bending.mp3,bending
./dataset/xyz\5047_rotation.mp3,rotation
./dataset/xyz\5056_spine.mp3,spine
./dataset/xyz\5058_facet.mp3,facet
./dataset/xyz\5059_joints.mp3,joints
./dataset/xyz\5068_set.mp3,set
./dataset/xyz\5069_joints.mp3,joints
./dataset/xyz\5081_two.mp3,two
./dataset/xyz\5085_arthrokine.mp3,arthrokinemics
./dataset/xyz\5093_accessory.mp3,accessory
./dataset/xyz\5094_motions.mp3,motions
./dataset/xyz\5099_larger.mp3,larger
./dataset/xyz\5100_osteokinem.mp3,osteokinematic
./dataset/xyz\5101_bone.mp3,bone
./dataset/xyz\5103_bone.mp3,bone
./dataset/xyz\5106_hopefully.mp3,hopefully
./dataset/xyz\5109_sense.mp3,sense
./dataset/xyz\5114_image.mp3,image
./dataset/xyz\5118_facet.mp3,facet
./dataset/xyz\5119_joint.mp3,joint
./dataset/xyz\5120_motion.mp3,motion
./dataset/xyz\5124_flexion.mp3,flexion
./dataset/xyz\5125_bending.mp3,bending
./dataset/xyz\5126_forward.mp3,forward
./dataset/xyz\5129_left.mp3,left
./dataset/xyz\5131_facet.mp3,facet
./dataset/xyz\5132_joint.mp3,joint
./dataset/xyz\5139_bend.mp3,bend
./dataset/xyz\5140_forward.mp3,forward
./dataset/xyz\5142_superior.mp3,superior
./dataset/xyz\5147_tip.mp3,tip
./dataset/xyz\5148_forward.mp3,forward
./dataset/xyz\5153_facet.mp3,facet
./dataset/xyz\5154_goes.mp3,goes
./dataset/xyz\5158_two.mp3,two
./dataset/xyz\5160_apart.mp3,apart
./dataset/xyz\5168_bigger.mp3,bigger
./dataset/xyz\5171_nerve.mp3,nerve
./dataset/xyz\5172_roots.mp3,roots
./dataset/xyz\5182_room.mp3,room
./dataset/xyz\5185_nerve.mp3,nerve
./dataset/xyz\5186_roots.mp3,roots
./dataset/xyz\5195_extension.mp3,extension
./dataset/xyz\5197_facet.mp3,facet
./dataset/xyz\5198_joints.mp3,joints
./dataset/xyz\5205_sliding.mp3,sliding
./dataset/xyz\5209_bottom.mp3,bottom
./dataset/xyz\5216_interverte.mp3,intervertebral
./dataset/xyz\5217_foramen.mp3,foramen
./dataset/xyz\5225_spinal.mp3,spinal
./dataset/xyz\5226_stenosis.mp3,stenosis
./dataset/xyz\5229_flexion.mp3,flexion
./dataset/xyz\5234_extension.mp3,extension
./dataset/xyz\5237_individual.mp3,individuals
./dataset/xyz\5240_spinal.mp3,spinal
./dataset/xyz\5241_stenosis.mp3,stenosis
./dataset/xyz\5246_signs.mp3,signs
./dataset/xyz\5257_grocery.mp3,grocery
./dataset/xyz\5258_store.mp3,store
./dataset/xyz\5263_lean.mp3,lean
./dataset/xyz\5266_shopping.mp3,shopping
./dataset/xyz\5267_cart.mp3,cart
./dataset/xyz\5271_lean.mp3,lean
./dataset/xyz\5272_forward.mp3,forward
./dataset/xyz\5275_shopping.mp3,shopping
./dataset/xyz\5276_cart.mp3,cart
./dataset/xyz\5278_opens.mp3,opens
./dataset/xyz\5280_interverte.mp3,intervertebral
./dataset/xyz\5281_foramen.mp3,foramen
./dataset/xyz\5285_less.mp3,less
./dataset/xyz\5286_pain.mp3,pain
./dataset/xyz\5291_lumbar.mp3,lumbar
./dataset/xyz\5292_nerve.mp3,nerve
./dataset/xyz\5293_root.mp3,root
./dataset/xyz\5294_pain.mp3,pain
./dataset/xyz\5300_lean.mp3,lean
./dataset/xyz\5301_forward.mp3,forward
./dataset/xyz\5305_ease.mp3,ease
./dataset/xyz\5309_pain.mp3,pain
./dataset/xyz\5312_legs.mp3,legs
./dataset/xyz\5319_hurts.mp3,hurts
./dataset/xyz\5322_walk.mp3,walk
./dataset/xyz\5327_ride.mp3,ride
./dataset/xyz\5329_bike.mp3,bike
./dataset/xyz\5333_sit.mp3,sit
./dataset/xyz\5336_bike.mp3,bike
./dataset/xyz\5339_opens.mp3,opens
./dataset/xyz\5342_joints.mp3,joints
./dataset/xyz\5347_feels.mp3,feels
./dataset/xyz\5349_whereas.mp3,whereas
./dataset/xyz\5352_standing.mp3,standing
./dataset/xyz\5353_upright.mp3,upright
./dataset/xyz\5355_walking.mp3,walking
./dataset/xyz\5363_extension.mp3,extension
./dataset/xyz\5365_closes.mp3,closes
./dataset/xyz\5367_foramen.mp3,foramen
./dataset/xyz\5372_experience.mp3,experience
./dataset/xyz\5373_pain.mp3,pain
./dataset/xyz\5379_spinal.mp3,spinal
./dataset/xyz\5380_stenosis.mp3,stenosis
./dataset/xyz\5390_you'll.mp3,you'll
./dataset/xyz\5393_patterns.mp3,patterns
./dataset/xyz\5397_disc.mp3,disc
./dataset/xyz\5398_herniation.mp3,herniation
./dataset/xyz\5404_sagittal.mp3,sagittal
./dataset/xyz\5405_view.mp3,view
./dataset/xyz\5406_mri.mp3,mri
./dataset/xyz\5412_changes.mp3,changes
./dataset/xyz\5415_disc.mp3,disc
./dataset/xyz\5426_account.mp3,account
./dataset/xyz\5435_disc.mp3,disc
./dataset/xyz\5436_herniation.mp3,herniation
./dataset/xyz\5437_doesn't.mp3,doesn't
./dataset/xyz\5438_necessaril.mp3,necessarily
./dataset/xyz\5440_you'll.mp3,you'll
./dataset/xyz\5442_pain.mp3,pain
./dataset/xyz\5449_pain.mp3,pain
./dataset/xyz\5456_disc.mp3,disc
./dataset/xyz\5457_herniation.mp3,herniations
./dataset/xyz\5460_heal.mp3,heal
./dataset/xyz\5463_own.mp3,own
./dataset/xyz\5485_necessaril.mp3,necessarily
./dataset/xyz\5491_freak.mp3,freak
./dataset/xyz\5504_healthy.mp3,healthy
./dataset/xyz\5507_disc.mp3,disc
./dataset/xyz\5508_herniation.mp3,herniations
./dataset/xyz\5512_problems.mp3,problems
./dataset/xyz\5515_disc.mp3,disc
./dataset/xyz\5516_herniation.mp3,herniation
./dataset/xyz\5519_protrude.mp3,protrude
./dataset/xyz\5520_posteriorl.mp3,posteriorly
./dataset/xyz\5521_towards.mp3,towards
./dataset/xyz\5523_spinal.mp3,spinal
./dataset/xyz\5524_cord.mp3,cord
./dataset/xyz\5527_nerve.mp3,nerve
./dataset/xyz\5528_roots.mp3,roots
./dataset/xyz\5531_can't.mp3,can't
./dataset/xyz\5546_disc.mp3,disc
./dataset/xyz\5547_herniation.mp3,herniation
./dataset/xyz\5549_touch.mp3,touch
./dataset/xyz\5551_spinal.mp3,spinal
./dataset/xyz\5552_cord.mp3,cord
./dataset/xyz\5557_nerve.mp3,nerve
./dataset/xyz\5558_pain.mp3,pain
./dataset/xyz\5562_sides.mp3,sides
./dataset/xyz\5568_legs.mp3,legs
./dataset/xyz\5571_arms.mp3,arms
./dataset/xyz\5574_four.mp3,four
./dataset/xyz\5575_extremitie.mp3,extremities
./dataset/xyz\5582_case.mp3,case
./dataset/xyz\5588_disc.mp3,disc
./dataset/xyz\5589_herniation.mp3,herniation
./dataset/xyz\5592_affects.mp3,affects
./dataset/xyz\5594_nerve.mp3,nerve
./dataset/xyz\5595_root.mp3,root
./dataset/xyz\5597_disc.mp3,disc
./dataset/xyz\5600_backwards.mp3,backwards
./dataset/xyz\5605_it'll.mp3,it'll
./dataset/xyz\5606_push.mp3,push
./dataset/xyz\5609_nerve.mp3,nerve
./dataset/xyz\5611_it'll.mp3,it'll
./dataset/xyz\5612_irritate.mp3,irritate
./dataset/xyz\5614_nerve.mp3,nerve
./dataset/xyz\5615_root.mp3,root
./dataset/xyz\5620_nerve.mp3,nerve
./dataset/xyz\5621_symptoms.mp3,symptoms
./dataset/xyz\5625_arm.mp3,arm
./dataset/xyz\5629_leg.mp3,leg
./dataset/xyz\5632_typically.mp3,typically
./dataset/xyz\5639_sciatica.mp3,sciatica
./dataset/xyz\5657_times.mp3,times
./dataset/xyz\5658_discs.mp3,discs
./dataset/xyz\5660_heal.mp3,heal
./dataset/xyz\5663_reabsorb.mp3,reabsorb
./dataset/xyz\5665_pull.mp3,pull
./dataset/xyz\5672_enough.mp3,enough
./dataset/xyz\5682_try.mp3,try
./dataset/xyz\5687_worse.mp3,worse
./dataset/xyz\5689_aggravate.mp3,aggravate
./dataset/xyz\5694_pathology.mp3,pathology
./dataset/xyz\5705_neck.mp3,neck
./dataset/xyz\5709_follow.mp3,follow
./dataset/xyz\5713_pattern.mp3,pattern
./dataset/xyz\5716_spondyloli.mp3,spondylolisthesis
./dataset/xyz\5719_condition.mp3,condition
./dataset/xyz\5723_fracture.mp3,fracture
./dataset/xyz\5735_vertebral.mp3,vertebral
./dataset/xyz\5737_shifts.mp3,shifts
./dataset/xyz\5738_anteriorly.mp3,anteriorly
./dataset/xyz\5749_person's.mp3,person's
./dataset/xyz\5750_spine.mp3,spine
./dataset/xyz\5755_view.mp3,view
./dataset/xyz\5756_x-ray.mp3,x-ray
./dataset/xyz\5762_vertebral.mp3,vertebral
./dataset/xyz\5765_lined.mp3,lined
./dataset/xyz\5774_shifts.mp3,shifts
./dataset/xyz\5775_forward.mp3,forward
./dataset/xyz\5785_bottom.mp3,bottom
./dataset/xyz\5786_level.mp3,level
./dataset/xyz\5790_graded.mp3,graded
./dataset/xyz\5791_based.mp3,based
./dataset/xyz\5796_shift.mp3,shift
./dataset/xyz\5797_forward.mp3,forward
./dataset/xyz\5802_grade.mp3,grade
./dataset/xyz\5804_two.mp3,two
./dataset/xyz\5805_three.mp3,three
./dataset/xyz\5807_four.mp3,four
./dataset/xyz\5812_shift.mp3,shift
./dataset/xyz\5820_dancers.mp3,dancers
./dataset/xyz\5822_gymnasts.mp3,gymnasts
./dataset/xyz\5827_repeated.mp3,repeated
./dataset/xyz\5828_spinal.mp3,spinal
./dataset/xyz\5829_extension.mp3,extension
./dataset/xyz\5834_commonly.mp3,commonly
./dataset/xyz\5837_athletes.mp3,athletes
./dataset/xyz\5854_live.mp3,live
./dataset/xyz\5859_doesn't.mp3,doesn't
./dataset/xyz\5866_rehab.mp3,rehab
./dataset/xyz\5885_appropriat.mp3,appropriate
./dataset/xyz\5887_surgery.mp3,surgery
./dataset/xyz\5898_managed.mp3,managed
./dataset/xyz\5901_rehabilita.mp3,rehabilitation
./dataset/xyz\5903_exercises.mp3,exercises
./dataset/xyz\5911_spinal.mp3,spinal
./dataset/xyz\5912_stenosis.mp3,stenosis
./dataset/xyz\5915_spinal.mp3,spinal
./dataset/xyz\5916_stenosis.mp3,stenosis
./dataset/xyz\5919_stenosis.mp3,stenosis
./dataset/xyz\5923_narrowing.mp3,narrowing
./dataset/xyz\5932_spinal.mp3,spinal
./dataset/xyz\5933_stenosis.mp3,stenosis
./dataset/xyz\5938_normal.mp3,normal
./dataset/xyz\5939_supposed.mp3,supposed
./dataset/xyz\5940_to be.mp3,to be
./dataset/xyz\5942_normal.mp3,normal
./dataset/xyz\5947_spinal.mp3,spinal
./dataset/xyz\5948_cord.mp3,cord
./dataset/xyz\5953_nerve.mp3,nerve
./dataset/xyz\5954_roots.mp3,roots
./dataset/xyz\5963_stenosis.mp3,stenosis
./dataset/xyz\5966_central.mp3,central
./dataset/xyz\5967_stenosis.mp3,stenosis
./dataset/xyz\5972_disc.mp3,disc
./dataset/xyz\5973_injury.mp3,injury
./dataset/xyz\5975_disc.mp3,disc
./dataset/xyz\5976_herniation.mp3,herniations
./dataset/xyz\5978_narrow.mp3,narrow
./dataset/xyz\5983_ligaments.mp3,ligaments
./dataset/xyz\5985_hypertroph.mp3,hypertrophy
./dataset/xyz\5989_build.mp3,build
./dataset/xyz\5998_arthritis.mp3,arthritis
./dataset/xyz\6001_joint.mp3,joint
./dataset/xyz\6008_central.mp3,central
./dataset/xyz\6012_central.mp3,central
./dataset/xyz\6013_stenosis.mp3,stenosis
./dataset/xyz\6017_interfere.mp3,interfere
./dataset/xyz\6020_spinal.mp3,spinal
./dataset/xyz\6021_cord.mp3,cord
./dataset/xyz\6030_left.mp3,left
./dataset/xyz\6033_sides.mp3,sides
./dataset/xyz\6037_stenosis.mp3,stenosis
./dataset/xyz\6044_nerve.mp3,nerve
./dataset/xyz\6045_root.mp3,root
./dataset/xyz\6051_lateral.mp3,lateral
./dataset/xyz\6052_stenosis.mp3,stenosis
./dataset/xyz\6059_narrowing.mp3,narrowing
./dataset/xyz\6066_bothers.mp3,bothers
./dataset/xyz\6070_doesn't.mp3,doesn't
./dataset/xyz\6083_person's.mp3,person's
./dataset/xyz\6084_symptoms.mp3,symptoms
./dataset/xyz\6090_x-ray.mp3,x-ray
./dataset/xyz\6093_mri.mp3,mri
./dataset/xyz\6100_trying.mp3,trying
./dataset/xyz\6102_manage.mp3,manage
./dataset/xyz\6105_giving.mp3,giving
./dataset/xyz\6107_nervous.mp3,nervous
./dataset/xyz\6108_tissue.mp3,tissue
./dataset/xyz\6111_space.mp3,space
./dataset/xyz\6118_flexion.mp3,flexion
./dataset/xyz\6119_exercises.mp3,exercises
./dataset/xyz\6130_spinal.mp3,spinal
./dataset/xyz\6131_stenosis.mp3,stenosis
./dataset/xyz\6135_narrowing.mp3,narrowing
./dataset/xyz\6143_central.mp3,central
./dataset/xyz\6144_around.mp3,around
./dataset/xyz\6146_spinal.mp3,spinal
./dataset/xyz\6147_cord.mp3,cord
./dataset/xyz\6152_lateral.mp3,lateral
./dataset/xyz\6157_nerve.mp3,nerve
./dataset/xyz\6158_roots.mp3,roots
./dataset/xyz\6164_i'm.mp3,i'm
./dataset/xyz\6183_hanging.mp3,hanging
./dataset/xyz\6186_thoracic.mp3,thoracic
./dataset/xyz\6187_spine.mp3,spine
./dataset/xyz\6189_working.mp3,working
./dataset/xyz\6194_next.mp3,next
./dataset/xyz\6199_ribs.mp3,ribs
./dataset/xyz\6203_connect.mp3,connect
./dataset/xyz\6205_going to.mp3,going to
./dataset/xyz\6208_ribs.mp3,ribs
./dataset/xyz\6219_thoracic.mp3,thoracic
./dataset/xyz\6220_spine.mp3,spine
./dataset/xyz\6223_ribs.mp3,ribs
./dataset/xyz\6226_ribs.mp3,ribs
./dataset/xyz\6231_categories.mp3,categories
./dataset/xyz\6232_based.mp3,based
./dataset/xyz\6237_anatomical.mp3,anatomical
./dataset/xyz\6238_attachment.mp3,attachments
./dataset/xyz\6240_ribs.mp3,ribs
./dataset/xyz\6247_true.mp3,true
./dataset/xyz\6248_ribs.mp3,ribs
./dataset/xyz\6251_attach.mp3,attach
./dataset/xyz\6255_sternum.mp3,sternum
./dataset/xyz\6266_attachment.mp3,attachments
./dataset/xyz\6269_sternum.mp3,sternum
./dataset/xyz\6270_ribs.mp3,ribs
./dataset/xyz\6271_eight.mp3,eight
./dataset/xyz\6273_ten.mp3,ten
./dataset/xyz\6275_below.mp3,below
./dataset/xyz\6279_false.mp3,false
./dataset/xyz\6280_ribs.mp3,ribs
./dataset/xyz\6284_indirect.mp3,indirect
./dataset/xyz\6288_sternum.mp3,sternum
./dataset/xyz\6293_you'll.mp3,you'll
./dataset/xyz\6301_rib.mp3,rib
./dataset/xyz\6303_you'd.mp3,you'd
./dataset/xyz\6307_piece.mp3,piece
./dataset/xyz\6309_cartilage.mp3,cartilage
./dataset/xyz\6311_lower.mp3,lower
./dataset/xyz\6312_ribs.mp3,ribs
./dataset/xyz\6313_attach.mp3,attach
./dataset/xyz\6316_cartilage.mp3,cartilage
./dataset/xyz\6321_sternum.mp3,sternum
./dataset/xyz\6325_last.mp3,last
./dataset/xyz\6326_two.mp3,two
./dataset/xyz\6329_floating.mp3,floating
./dataset/xyz\6330_ribs.mp3,ribs
./dataset/xyz\6335_heard.mp3,heard
./dataset/xyz\6339_only.mp3,only
./dataset/xyz\6340_attach.mp3,attach
./dataset/xyz\6343_spine.mp3,spine
./dataset/xyz\6346_attach.mp3,attach
./dataset/xyz\6349_sternum.mp3,sternum
./dataset/xyz\6354_poke.mp3,poke
./dataset/xyz\6361_bottom.mp3,bottom
./dataset/xyz\6362_two.mp3,two
./dataset/xyz\6363_ribs.mp3,ribs
./dataset/xyz\6366_only.mp3,only
./dataset/xyz\6367_attach.mp3,attach
./dataset/xyz\6373_spine.mp3,spine
./dataset/xyz\6378_ribs.mp3,ribs
./dataset/xyz\6379_attach.mp3,attach
./dataset/xyz\6381_spine.mp3,spine
./dataset/xyz\6386_ten.mp3,ten
./dataset/xyz\6388_attach.mp3,attach
./dataset/xyz\6394_sternum.mp3,sternum
./dataset/xyz\6396_thoracic.mp3,thoracic
./dataset/xyz\6397_spine.mp3,spine
./dataset/xyz\6402_facet.mp3,facet
./dataset/xyz\6403_joints.mp3,joints
./dataset/xyz\6415_joints.mp3,joints
./dataset/xyz\6419_anterior.mp3,anterior
./dataset/xyz\6427_motion.mp3,motion
./dataset/xyz\6430_manubrillo.mp3,manubrillo
./dataset/xyz\6431_sternal.mp3,sternal
./dataset/xyz\6432_joint.mp3,joint
./dataset/xyz\6435_amphiarthe.mp3,amphiartherial
./dataset/xyz\6436_joint.mp3,joint
./dataset/xyz\6441_category.mp3,category
./dataset/xyz\6448_slightly.mp3,slightly
./dataset/xyz\6452_tiny.mp3,tiny
./dataset/xyz\6462_zyphus.mp3,zyphus
./dataset/xyz\6463_sternal.mp3,sternal
./dataset/xyz\6464_joint.mp3,joint
./dataset/xyz\6468_bottom.mp3,bottom
./dataset/xyz\6471_sternum.mp3,sternum
./dataset/xyz\6474_articulate.mp3,articulates
./dataset/xyz\6481_xiphoid.mp3,xiphoid
./dataset/xyz\6497_breathing.mp3,breathing
./dataset/xyz\6508_address.mp3,address
./dataset/xyz\6512_practition.mp3,practitioner
./dataset/xyz\6532_posteriorl.mp3,posteriorly
./dataset/xyz\6538_joints.mp3,joints
./dataset/xyz\6541_ribs.mp3,ribs
./dataset/xyz\6542_hook.mp3,hook
./dataset/xyz\6545_spine.mp3,spine
./dataset/xyz\6547_costo.mp3,costo
./dataset/xyz\6549_rib.mp3,rib
./dataset/xyz\6555_joint.mp3,joint
./dataset/xyz\6558_rib.mp3,rib
./dataset/xyz\6559_hooks.mp3,hooks
./dataset/xyz\6562_vertebral.mp3,vertebral
./dataset/xyz\6568_costo.mp3,costo
./dataset/xyz\6569_vertebral.mp3,vertebral
./dataset/xyz\6570_joint.mp3,joint
./dataset/xyz\6575_joints.mp3,joints
./dataset/xyz\6578_costo.mp3,costo
./dataset/xyz\6579_transverse.mp3,transverse
./dataset/xyz\6580_joints.mp3,joints
./dataset/xyz\6583_rib.mp3,rib
./dataset/xyz\6584_attaches.mp3,attaches
./dataset/xyz\6587_transverse.mp3,transverse
./dataset/xyz\6592_two.mp3,two
./dataset/xyz\6594_pop.mp3,pop
./dataset/xyz\6601_spine.mp3,spine
./dataset/xyz\6604_ribs.mp3,ribs
./dataset/xyz\6607_two.mp3,two
./dataset/xyz\6608_joints.mp3,joints
./dataset/xyz\6616_synovial.mp3,synovial
./dataset/xyz\6617_joints.mp3,joints
./dataset/xyz\6625_mobilize.mp3,mobilize
./dataset/xyz\6627_joints.mp3,joints
./dataset/xyz\6628_mobilize.mp3,mobilize
./dataset/xyz\6630_ribs.mp3,ribs
./dataset/xyz\6634_manipulate.mp3,manipulate
./dataset/xyz\6638_positions.mp3,positions
./dataset/xyz\6648_times.mp3,times
./dataset/xyz\6657_rib.mp3,rib
./dataset/xyz\6659_pain.mp3,pain
./dataset/xyz\6662_working.mp3,working
./dataset/xyz\6665_joints.mp3,joints
./dataset/xyz\6673_ex.mp3,ex
./dataset/xyz\6678_thoracic.mp3,thoracic
./dataset/xyz\6679_spine.mp3,spine
./dataset/xyz\6684_ribs.mp3,ribs
./dataset/xyz\6688_ribs.mp3,ribs
./dataset/xyz\6695_internal.mp3,internal
./dataset/xyz\6696_organs.mp3,organs
./dataset/xyz\6700_ribs.mp3,ribs
./dataset/xyz\6704_attachment.mp3,attachments
./dataset/xyz\6706_joints.mp3,joints
./dataset/xyz\6712_thoracic.mp3,thoracic
./dataset/xyz\6713_spine.mp3,spine
./dataset/xyz\6715_naturally.mp3,naturally
./dataset/xyz\6718_stiffer.mp3,stiffer
./dataset/xyz\6721_neck.mp3,neck
./dataset/xyz\6733_stable.mp3,stable
./dataset/xyz\6735_stiffer.mp3,stiffer
./dataset/xyz\6738_protecting.mp3,protecting
./dataset/xyz\6741_organs.mp3,organs
./dataset/xyz\6743_structural.mp3,structurally
./dataset/xyz\6745_reason.mp3,reason
./dataset/xyz\6747_stiffers.mp3,stiffers
./dataset/xyz\6751_rib.mp3,rib
./dataset/xyz\6752_attachment.mp3,attachments
./dataset/xyz\6754_flexors.mp3,flexors
./dataset/xyz\6758_musculatur.mp3,musculature
./dataset/xyz\6764_lumbar.mp3,lumbar
./dataset/xyz\6765_spine.mp3,spine
./dataset/xyz\6768_still.mp3,still
./dataset/xyz\6773_abdominals.mp3,abdominals
./dataset/xyz\6775_flex.mp3,flex
./dataset/xyz\6777_thoracic.mp3,thoracic
./dataset/xyz\6778_spine.mp3,spine
./dataset/xyz\6779_extensors.mp3,extensors
./dataset/xyz\6782_seeing.mp3,seeing
./dataset/xyz\6784_muscles.mp3,muscles
./dataset/xyz\6785_continue.mp3,continue
./dataset/xyz\6791_muscles.mp3,muscles
./dataset/xyz\6795_iliocostal.mp3,iliocostalis
./dataset/xyz\6796_lumborum.mp3,lumborum
./dataset/xyz\6797_before.mp3,before
./dataset/xyz\6802_iliocostel.mp3,iliocostellus
./dataset/xyz\6803_thoracis.mp3,thoracis
./dataset/xyz\6804_longusinus.mp3,longusinus
./dataset/xyz\6809_muscle.mp3,muscle
./dataset/xyz\6822_well.mp3,well
./dataset/xyz\6823_developed.mp3,developed
./dataset/xyz\6825_muscles.mp3,muscles
./dataset/xyz\6834_sides.mp3,sides
./dataset/xyz\6837_thick.mp3,thick
./dataset/xyz\6841_erector.mp3,erector
./dataset/xyz\6842_spinae.mp3,spinae
./dataset/xyz\6847_three.mp3,three
./dataset/xyz\6849_iliocostal.mp3,iliocostalis
./dataset/xyz\6850_longusinus.mp3,longusinus
./dataset/xyz\6852_spinalis.mp3,spinalis
./dataset/xyz\6854_three.mp3,three
./dataset/xyz\6855_muscles.mp3,muscles
./dataset/xyz\6859_erector.mp3,erector
./dataset/xyz\6860_spinae.mp3,spinae
./dataset/xyz\6867_thoracic.mp3,thoracic
./dataset/xyz\6868_spine.mp3,spine
./dataset/xyz\6875_thoracis.mp3,thoracis
./dataset/xyz\6882_muscle.mp3,muscle
./dataset/xyz\6883_semi-spina.mp3,semi-spinalis
./dataset/xyz\6886_continue.mp3,continue
./dataset/xyz\6890_neck.mp3,neck
./dataset/xyz\6894_spinal.mp3,spinal
./dataset/xyz\6895_extensor.mp3,extensor
./dataset/xyz\6896_lateral.mp3,lateral
./dataset/xyz\6897_flexors.mp3,flexors
./dataset/xyz\6901_extensors.mp3,extensors
./dataset/xyz\6913_bend.mp3,bend
./dataset/xyz\6915_iliocostal.mp3,iliocostalis
./dataset/xyz\6916_thoracis.mp3,thoracis
./dataset/xyz\6918_longissimu.mp3,longissimus
./dataset/xyz\6919_thoracis.mp3,thoracis
./dataset/xyz\6921_primary.mp3,primary
./dataset/xyz\6922_lateral.mp3,lateral
./dataset/xyz\6923_flexors.mp3,flexors
./dataset/xyz\6926_thoracic.mp3,thoracic
./dataset/xyz\6927_spine.mp3,spine
./dataset/xyz\6930_rotation.mp3,rotation
./dataset/xyz\6934_rotatories.mp3,rotatories
./dataset/xyz\6940_muscle.mp3,muscle
./dataset/xyz\6944_rotatorys.mp3,rotatorys
./dataset/xyz\6950_thoracic.mp3,thoracic
./dataset/xyz\6951_spine.mp3,spine
./dataset/xyz\6955_thoracis.mp3,thoracis
./dataset/xyz\6959_rotate.mp3,rotate
./dataset/xyz\6961_thoracic.mp3,thoracic
./dataset/xyz\6962_spine.mp3,spine
./dataset/xyz\6966_muscles.mp3,muscles
./dataset/xyz\6969_deeper.mp3,deeper
./dataset/xyz\6973_rotation.mp3,rotation
./dataset/xyz\6976_semi.mp3,semi
./dataset/xyz\6977_spineless.mp3,spineless
./dataset/xyz\6980_works.mp3,works
./dataset/xyz\6988_rotation.mp3,rotation
./dataset/xyz\7003_classes.mp3,classes
./dataset/xyz\7005_cover.mp3,cover
./dataset/xyz\7008_depth.mp3,depth
./dataset/xyz\7009_until.mp3,until
./dataset/xyz\7013_graduate.mp3,graduate
./dataset/xyz\7014_school.mp3,school
./dataset/xyz\7021_physical.mp3,physical
./dataset/xyz\7022_therapy.mp3,therapy
./dataset/xyz\7023_school.mp3,school
./dataset/xyz\7024_occupation.mp3,occupational
./dataset/xyz\7025_therapy.mp3,therapy
./dataset/xyz\7026_school.mp3,school
./dataset/xyz\7028_graduate.mp3,graduate
./dataset/xyz\7029_school.mp3,school
./dataset/xyz\7030_you'll.mp3,you'll
./dataset/xyz\7032_dive.mp3,dive
./dataset/xyz\7033_deeper.mp3,deeper
./dataset/xyz\7039_dissect.mp3,dissect
./dataset/xyz\7040_cadavers.mp3,cadavers
./dataset/xyz\7057_ribs.mp3,ribs
./dataset/xyz\7066_kinematics.mp3,kinematics
./dataset/xyz\7069_ribs.mp3,ribs
./dataset/xyz\7071_ribs.mp3,ribs
./dataset/xyz\7077_different.mp3,different
./dataset/xyz\7085_upper.mp3,upper
./dataset/xyz\7086_ribs.mp3,ribs
./dataset/xyz\7090_ribs.mp3,ribs
./dataset/xyz\7092_closer.mp3,closer
./dataset/xyz\7095_neck.mp3,neck
./dataset/xyz\7102_pump.mp3,pump
./dataset/xyz\7103_handle.mp3,handle
./dataset/xyz\7104_motion.mp3,motion
./dataset/xyz\7115_hand.mp3,hand
./dataset/xyz\7118_upper.mp3,upper
./dataset/xyz\7119_ribs.mp3,ribs
./dataset/xyz\7122_hand.mp3,hand
./dataset/xyz\7132_lower.mp3,lower
./dataset/xyz\7133_ribs.mp3,ribs
./dataset/xyz\7137_deep.mp3,deep
./dataset/xyz\7138_breath.mp3,breath
./dataset/xyz\7139_you'll.mp3,you'll
./dataset/xyz\7143_upper.mp3,upper
./dataset/xyz\7144_ribs.mp3,ribs
./dataset/xyz\7149_anterior.mp3,anterior
./dataset/xyz\7150_posterior.mp3,posterior
./dataset/xyz\7160_pump.mp3,pump
./dataset/xyz\7161_handle.mp3,handle
./dataset/xyz\7170_camping.mp3,camping
./dataset/xyz\7177_pump.mp3,pump
./dataset/xyz\7178_handles.mp3,handles
./dataset/xyz\7180_pump.mp3,pump
./dataset/xyz\7181_water.mp3,water
./dataset/xyz\7184_bucket.mp3,bucket
./dataset/xyz\7188_of an.mp3,of an
./dataset/xyz\7189_anterior.mp3,anterior
./dataset/xyz\7190_posterior.mp3,posterior
./dataset/xyz\7193_upper.mp3,upper
./dataset/xyz\7194_ribs.mp3,ribs
./dataset/xyz\7201_below.mp3,below
./dataset/xyz\7202_you'll.mp3,you'll
./dataset/xyz\7205_hands.mp3,hands
./dataset/xyz\7216_medial.mp3,medial
./dataset/xyz\7217_lateral.mp3,lateral
./dataset/xyz\7220_ribs.mp3,ribs
./dataset/xyz\7232_bucket.mp3,bucket
./dataset/xyz\7233_handle.mp3,handle
./dataset/xyz\7236_bucket.mp3,bucket
./dataset/xyz\7240_metal.mp3,metal
./dataset/xyz\7241_handle.mp3,handle
./dataset/xyz\7243_flips.mp3,flips
./dataset/xyz\7253_medial.mp3,medial
./dataset/xyz\7254_lateral.mp3,lateral
./dataset/xyz\7260_break.mp3,break
./dataset/xyz\7262_two.mp3,two
./dataset/xyz\7267_lower.mp3,lower
./dataset/xyz\7268_ribs.mp3,ribs
./dataset/xyz\7271_caliper.mp3,caliper
./dataset/xyz\7272_action.mp3,action
./dataset/xyz\7277_connected.mp3,connected
./dataset/xyz\7291_deep.mp3,deep
./dataset/xyz\7292_breath.mp3,breath
./dataset/xyz\7298_written.mp3,written
./dataset/xyz\7306_lower.mp3,lower
./dataset/xyz\7307_ribs.mp3,ribs
./dataset/xyz\7310_caliper.mp3,caliper
./dataset/xyz\7311_action.mp3,action
./dataset/xyz\7320_swings.mp3,swings
./dataset/xyz\7325_almost.mp3,almost
./dataset/xyz\7333_two.mp3,two
./dataset/xyz\7334_floating.mp3,floating
./dataset/xyz\7335_ribs.mp3,ribs
./dataset/xyz\7339_connect.mp3,connect
./dataset/xyz\7345_swing.mp3,swing
./dataset/xyz\7354_deep.mp3,deep
./dataset/xyz\7355_breath.mp3,breath
./dataset/xyz\7357_pump.mp3,pump
./dataset/xyz\7358_handle.mp3,handle
./dataset/xyz\7361_bucket.mp3,bucket
./dataset/xyz\7362_handle.mp3,handle
./dataset/xyz\7364_middle.mp3,middle
./dataset/xyz\7367_caliper.mp3,caliper
./dataset/xyz\7370_bottom.mp3,bottom
./dataset/xyz\7376_breathing.mp3,breathing
./dataset/xyz\7382_ventilator.mp3,ventilatory
./dataset/xyz\7383_muscles.mp3,muscles
./dataset/xyz\7386_unique.mp3,unique
./dataset/xyz\7392_you'll.mp3,you'll
./dataset/xyz\7397_rehab.mp3,rehab
./dataset/xyz\7398_practition.mp3,practitioners
./dataset/xyz\7401_breathing.mp3,breathing
./dataset/xyz\7402_patterns.mp3,patterns
./dataset/xyz\7410_neck.mp3,neck
./dataset/xyz\7411_pain.mp3,pain
./dataset/xyz\7416_mid-back.mp3,mid-back
./dataset/xyz\7418_pains.mp3,pains
./dataset/xyz\7425_breathing.mp3,breathing
./dataset/xyz\7432_neck.mp3,neck
./dataset/xyz\7436_breathe.mp3,breathe
./dataset/xyz\7438_we'd.mp3,we'd
./dataset/xyz\7441_train.mp3,train
./dataset/xyz\7449_stomach.mp3,stomach
./dataset/xyz\7450_breathing.mp3,breathing
./dataset/xyz\7454_initiated.mp3,initiated
./dataset/xyz\7456_created.mp3,created
./dataset/xyz\7459_diaphragm.mp3,diaphragm
./dataset/xyz\7462_diaphragm.mp3,diaphragm
./dataset/xyz\7466_muscular.mp3,muscular
./dataset/xyz\7467_organ.mp3,organ
./dataset/xyz\7470_lower.mp3,lower
./dataset/xyz\7471_abdomen.mp3,abdomen
./dataset/xyz\7473_changes.mp3,changes
./dataset/xyz\7474_pressure.mp3,pressure
./dataset/xyz\7477_thoracic.mp3,thoracic
./dataset/xyz\7478_cavity.mp3,cavity
./dataset/xyz\7481_creates.mp3,creates
./dataset/xyz\7483_inhalation.mp3,inhalation
./dataset/xyz\7484_exhalation.mp3,exhalation
./dataset/xyz\7490_naturally.mp3,naturally
./dataset/xyz\7493_diaphragm.mp3,diaphragm
./dataset/xyz\7494_accounts.mp3,accounts
./dataset/xyz\7498_amount.mp3,amount
./dataset/xyz\7500_breathing.mp3,breathing
./dataset/xyz\7507_percentage.mp3,percentage
./dataset/xyz\7510_diaphragm.mp3,diaphragm
./dataset/xyz\7512_70.mp3,70
./dataset/xyz\7514_80.mp3,80
./dataset/xyz\7515_percent.mp3,percent
./dataset/xyz\7517_inspiratio.mp3,inspiration
./dataset/xyz\7518_action.mp3,action
./dataset/xyz\7519_during.mp3,during
./dataset/xyz\7520_quiet.mp3,quiet
./dataset/xyz\7521_breathing.mp3,breathing
./dataset/xyz\7523_before.mp3,before
./dataset/xyz\7531_intercosta.mp3,intercostal
./dataset/xyz\7532_muscles.mp3,muscles
./dataset/xyz\7536_muscles.mp3,muscles
./dataset/xyz\7539_ribs.mp3,ribs
./dataset/xyz\7543_scalenes.mp3,scalenes
./dataset/xyz\7548_neck.mp3,neck
./dataset/xyz\7553_three.mp3,three
./dataset/xyz\7556_primary.mp3,primary
./dataset/xyz\7557_breathing.mp3,breathing
./dataset/xyz\7558_muscles.mp3,muscles
./dataset/xyz\7560_breathing.mp3,breathing
./dataset/xyz\7561_muscles.mp3,muscles
./dataset/xyz\7564_muscle.mp3,muscle
./dataset/xyz\7566_attaches.mp3,attaches
./dataset/xyz\7568_rib.mp3,rib
./dataset/xyz\7572_shoulder.mp3,shoulder
./dataset/xyz\7573_girdle.mp3,girdle
./dataset/xyz\7574_head.mp3,head
./dataset/xyz\7576_vertebral.mp3,vertebral
./dataset/xyz\7577_column.mp3,column
./dataset/xyz\7581_muscle.mp3,muscle
./dataset/xyz\7582_runs.mp3,runs
./dataset/xyz\7585_rib.mp3,rib
./dataset/xyz\7589_shoulder.mp3,shoulder
./dataset/xyz\7591_head.mp3,head
./dataset/xyz\7593_spine.mp3,spine
./dataset/xyz\7600_breathing.mp3,breathing
./dataset/xyz\7606_muscles.mp3,muscles
./dataset/xyz\7627_attaches.mp3,attaches
./dataset/xyz\7629_ribs.mp3,ribs
./dataset/xyz\7634_muscle.mp3,muscle
./dataset/xyz\7636_pec.mp3,pec
./dataset/xyz\7637_minor.mp3,minor
./dataset/xyz\7638_pec.mp3,pec
./dataset/xyz\7641_attach.mp3,attach
./dataset/xyz\7644_ribs.mp3,ribs
./dataset/xyz\7650_breathing.mp3,breathing
./dataset/xyz\7651_muscles.mp3,muscles
./dataset/xyz\7656_bunch.mp3,bunch
./dataset/xyz\7665_breathing.mp3,breathing
./dataset/xyz\7668_primarily.mp3,primarily
./dataset/xyz\7670_diaphragm.mp3,diaphragm
./dataset/xyz\7674_what's.mp3,what's
./dataset/xyz\7682_what's.mp3,what's
./dataset/xyz\7683_happening.mp3,happening
./dataset/xyz\7685_breathing.mp3,breathing
./dataset/xyz\7688_diaphragms.mp3,diaphragms
./dataset/xyz\7690_diaphragm.mp3,diaphragm
./dataset/xyz\7695_dome.mp3,dome
./dataset/xyz\7701_diaphragm.mp3,diaphragm
./dataset/xyz\7703_muscle.mp3,muscle
./dataset/xyz\7704_fibers.mp3,fibers
./dataset/xyz\7705_shorten.mp3,shorten
./dataset/xyz\7708_diaphragm.mp3,diaphragm
./dataset/xyz\7716_leaves.mp3,leaves
./dataset/xyz\7718_volume.mp3,volume
./dataset/xyz\7721_thoracic.mp3,thoracic
./dataset/xyz\7725_lungs.mp3,lungs
./dataset/xyz\7727_expand.mp3,expand
./dataset/xyz\7730_pressure.mp3,pressure
./dataset/xyz\7731_drops.mp3,drops
./dataset/xyz\7732_inside.mp3,inside
./dataset/xyz\7734_lungs.mp3,lungs
./dataset/xyz\7736_brings.mp3,brings
./dataset/xyz\7737_air.mp3,air
./dataset/xyz\7739_outside.mp3,outside
./dataset/xyz\7744_pressure.mp3,pressure
./dataset/xyz\7747_lungs.mp3,lungs
./dataset/xyz\7748_drops.mp3,drops
./dataset/xyz\7749_air.mp3,air
./dataset/xyz\7751_outside.mp3,outside
./dataset/xyz\7753_pressure.mp3,pressure
./dataset/xyz\7754_outside.mp3,outside
./dataset/xyz\7757_greater.mp3,greater
./dataset/xyz\7762_air.mp3,air
./dataset/xyz\7765_lungs.mp3,lungs
./dataset/xyz\7767_creates.mp3,creates
./dataset/xyz\7768_inspiratio.mp3,inspiration
./dataset/xyz\7770_breathing.mp3,breathing
./dataset/xyz\7774_diaphragm.mp3,diaphragm
./dataset/xyz\7775_is squishe.mp3,is squished
./dataset/xyz\7780_diaphragm.mp3,diaphragm
./dataset/xyz\7781_relax.mp3,relax
./dataset/xyz\7785_taller.mp3,taller
./dataset/xyz\7793_space.mp3,space
./dataset/xyz\7796_thoracic.mp3,thoracic
./dataset/xyz\7797_cavity.mp3,cavity
./dataset/xyz\7801_lungs.mp3,lungs
./dataset/xyz\7803_squished.mp3,squished
./dataset/xyz\7809_pressure.mp3,pressure
./dataset/xyz\7810_goes.mp3,goes
./dataset/xyz\7814_lung.mp3,lung
./dataset/xyz\7816_pressure.mp3,pressure
./dataset/xyz\7817_increases.mp3,increases
./dataset/xyz\7820_lungs.mp3,lungs
./dataset/xyz\7824_air.mp3,air
./dataset/xyz\7829_pressure.mp3,pressure
./dataset/xyz\7832_lungs.mp3,lungs
./dataset/xyz\7834_greater.mp3,greater
./dataset/xyz\7837_outside.mp3,outside
./dataset/xyz\7838_pressure.mp3,pressure
./dataset/xyz\7841_normal.mp3,normal
./dataset/xyz\7842_atmosphere.mp3,atmosphere
./dataset/xyz\7845_air.mp3,air
./dataset/xyz\7850_exhale.mp3,exhale
./dataset/xyz\7862_diaphragm.mp3,diaphragm
./dataset/xyz\7865_breathe.mp3,breathe
./dataset/xyz\7869_diaphragm.mp3,diaphragm
./dataset/xyz\7870_relaxes.mp3,relaxes
./dataset/xyz\7872_breathe.mp3,breathe
./dataset/xyz\7874_excuse.mp3,excuse
./dataset/xyz\7879_confusing.mp3,confusing
./dataset/xyz\7882_of people.mp3,of people
./dataset/xyz\7889_of an.mp3,of an
./dataset/xyz\7890_illustrati.mp3,illustration
./dataset/xyz\7893_diaphragm.mp3,diaphragm
./dataset/xyz\7896_muscle.mp3,muscle
./dataset/xyz\7897_fibers.mp3,fibers
./dataset/xyz\7898_relax.mp3,relax
./dataset/xyz\7899_contractin.mp3,contracting
./dataset/xyz\7901_relaxing.mp3,relaxing
./dataset/xyz\7910_breathing.mp3,breathing
./dataset/xyz\7911_action.mp3,action
./dataset/xyz\7912_works.mp3,works
./dataset/xyz\7917_disorders.mp3,disorders
./dataset/xyz\7919_scoliosis.mp3,scoliosis
./dataset/xyz\7923_scoliosis.mp3,scoliosis
./dataset/xyz\7929_spine.mp3,spine
./dataset/xyz\7932_substantia.mp3,substantial
./dataset/xyz\7933_curves.mp3,curves
./dataset/xyz\7937_seen.mp3,seen
./dataset/xyz\7940_thoracic.mp3,thoracic
./dataset/xyz\7941_spine.mp3,spine
./dataset/xyz\7944_different.mp3,different
./dataset/xyz\7945_types.mp3,types
./dataset/xyz\7947_scoliosis.mp3,scoliosis
./dataset/xyz\7948_while.mp3,while
./dataset/xyz\7949_idiopathic.mp3,idiopathic
./dataset/xyz\7955_co.mp3,co
./dataset/xyz\7958_exact.mp3,exact
./dataset/xyz\7961_known.mp3,known
./dataset/xyz\7964_used.mp3,used
./dataset/xyz\7969_different.mp3,different
./dataset/xyz\7970_disorders.mp3,disorders
./dataset/xyz\7972_idiopathic.mp3,idiopathic
./dataset/xyz\7975_fully.mp3,fully
./dataset/xyz\7982_genetic.mp3,genetic
./dataset/xyz\7983_cases.mp3,cases
./dataset/xyz\7985_congenital.mp3,congenital
./dataset/xyz\7986_congenital.mp3,congenital
./dataset/xyz\7989_born.mp3,born
./dataset/xyz\7993_genetic.mp3,genetic
./dataset/xyz\7995_congenital.mp3,congenital
./dataset/xyz\8007_genetic.mp3,genetic
./dataset/xyz\8008_disorders.mp3,disorders
./dataset/xyz\8014_life.mp3,life
./dataset/xyz\8017_necessaril.mp3,necessarily
./dataset/xyz\8023_scoliosis.mp3,scoliosis
./dataset/xyz\8030_convexity.mp3,convexity
./dataset/xyz\8037_person's.mp3,person's
./dataset/xyz\8038_thoracic.mp3,thoracic
./dataset/xyz\8039_scoliosis.mp3,scoliosis
./dataset/xyz\8042_convexity.mp3,convexity
./dataset/xyz\8050_call.mp3,call
./dataset/xyz\8054_thoracic.mp3,thoracic
./dataset/xyz\8055_scoliosis.mp3,scoliosis
./dataset/xyz\8062_concave.mp3,concave
./dataset/xyz\8064_looks.mp3,looks
./dataset/xyz\8067_cave.mp3,cave
./dataset/xyz\8071_convex.mp3,convex
./dataset/xyz\8078_higher.mp3,higher
./dataset/xyz\8082_scoliotic.mp3,scoliotic
./dataset/xyz\8083_curve.mp3,curve
./dataset/xyz\8089_thoracic.mp3,thoracic
./dataset/xyz\8090_spine.mp3,spine
./dataset/xyz\8094_neck.mp3,neck
./dataset/xyz\8100_left.mp3,left
./dataset/xyz\8101_upper.mp3,upper
./dataset/xyz\8102_thoracic.mp3,thoracic
./dataset/xyz\8105_cervical.mp3,cervical
./dataset/xyz\8106_scoliosis.mp3,scoliosis
./dataset/xyz\8114_lower.mp3,lower
./dataset/xyz\8115_thoracic.mp3,thoracic
./dataset/xyz\8118_lumbar.mp3,lumbar
./dataset/xyz\8122_left.mp3,left
./dataset/xyz\8123_scoliotic.mp3,scoliotic
./dataset/xyz\8124_curve.mp3,curve
./dataset/xyz\8126_we have.mp3,we have
./dataset/xyz\8128_left.mp3,left
./dataset/xyz\8135_left.mp3,left
./dataset/xyz\8142_convex.mp3,convex
./dataset/xyz\8150_different.mp3,different
./dataset/xyz\8151_categories.mp3,categories
./dataset/xyz\8157_scoliotic.mp3,scoliotic
./dataset/xyz\8158_curves.mp3,curves
./dataset/xyz\8161_bone.mp3,bone
./dataset/xyz\8164_deformed.mp3,deformed
./dataset/xyz\8168_cases.mp3,cases
./dataset/xyz\8172_severe.mp3,severe
./dataset/xyz\8176_physicians.mp3,physicians
./dataset/xyz\8178_measure.mp3,measure
./dataset/xyz\8180_cob.mp3,cob
./dataset/xyz\8181_angle.mp3,angle
./dataset/xyz\8185_scoliotic.mp3,scoliotic
./dataset/xyz\8186_curve.mp3,curve
./dataset/xyz\8189_enough.mp3,enough
./dataset/xyz\8192_interferes.mp3,interferes
./dataset/xyz\8194_breathing.mp3,breathing
./dataset/xyz\8199_undergo.mp3,undergo
./dataset/xyz\8200_surgery.mp3,surgery
./dataset/xyz\8203_straighten.mp3,straighten
./dataset/xyz\8209_bony.mp3,bony
./dataset/xyz\8210_deformity.mp3,deformity
./dataset/xyz\8211_rehab's.mp3,rehab's
./dataset/xyz\8221_non-struct.mp3,non-structural
./dataset/xyz\8224_scoliotic.mp3,scoliotic
./dataset/xyz\8225_curves.mp3,curves
./dataset/xyz\8230_postural.mp3,postural
./dataset/xyz\8231_issues.mp3,issues
./dataset/xyz\8233_habitual.mp3,habitual
./dataset/xyz\8234_postural.mp3,postural
./dataset/xyz\8235_positions.mp3,positions
./dataset/xyz\8236_muscle.mp3,muscle
./dataset/xyz\8237_spasm.mp3,spasm
./dataset/xyz\8245_muscle.mp3,muscle
./dataset/xyz\8246_spasm.mp3,spasm
./dataset/xyz\8250_lower.mp3,lower
./dataset/xyz\8251_left.mp3,left
./dataset/xyz\8252_lumbar.mp3,lumbar
./dataset/xyz\8253_scoliosis.mp3,scoliosis
./dataset/xyz\8259_muscle.mp3,muscle
./dataset/xyz\8263_quadratus.mp3,quadratus
./dataset/xyz\8264_lumborum.mp3,lumborum
./dataset/xyz\8266_spasming.mp3,spasming
./dataset/xyz\8270_pull.mp3,pull
./dataset/xyz\8275_spine.mp3,spine
./dataset/xyz\8279_concavity.mp3,concavity
./dataset/xyz\8285_issue.mp3,issue
./dataset/xyz\8289_leg.mp3,leg
./dataset/xyz\8290_length.mp3,length
./dataset/xyz\8291_discrepanc.mp3,discrepancy
./dataset/xyz\8297_leg.mp3,leg
./dataset/xyz\8300_longer.mp3,longer
./dataset/xyz\8307_affect.mp3,affect
./dataset/xyz\8310_curve.mp3,curve
./dataset/xyz\8313_spine.mp3,spine
./dataset/xyz\8318_scoliosis.mp3,scoliosis
./dataset/xyz\8334_looks.mp3,looks
./dataset/xyz\8341_non-struct.mp3,non-structural
./dataset/xyz\8343_issue.mp3,issue
./dataset/xyz\8356_scoliotic.mp3,scoliotic
./dataset/xyz\8357_curves.mp3,curves
./dataset/xyz\8359_rehab.mp3,rehab
./dataset/xyz\8360_exercise.mp3,exercise
./dataset/xyz\8369_compressio.mp3,compression
./dataset/xyz\8370_fractures.mp3,fractures
./dataset/xyz\8376_spine.mp3,spine
./dataset/xyz\8380_tend.mp3,tend
./dataset/xyz\8382_hear.mp3,hear
./dataset/xyz\8388_thoracic.mp3,thoracic
./dataset/xyz\8389_spine.mp3,spine
./dataset/xyz\8398_individual.mp3,individual
./dataset/xyz\8401_osteoporos.mp3,osteoporosis
./dataset/xyz\8405_bone.mp3,bone
./dataset/xyz\8406_density.mp3,density
./dataset/xyz\8408_less.mp3,less
./dataset/xyz\8414_situation.mp3,situation
./dataset/xyz\8418_compressiv.mp3,compressive
./dataset/xyz\8419_load.mp3,load
./dataset/xyz\8422_bone.mp3,bone
./dataset/xyz\8423_breaks.mp3,breaks
./dataset/xyz\8426_procedures.mp3,procedures
./dataset/xyz\8434_inject.mp3,inject
./dataset/xyz\8435_cement.mp3,cement
./dataset/xyz\8440_balloon.mp3,balloon
./dataset/xyz\8444_lift.mp3,lift
./dataset/xyz\8450_normal.mp3,normal
./dataset/xyz\8451_position.mp3,position
./dataset/xyz\8454_fill.mp3,fill
./dataset/xyz\8456_cavity.mp3,cavity
./dataset/xyz\8458_cement.mp3,cement
./dataset/xyz\8464_thoracic.mp3,thoracic
./dataset/xyz\8465_spine.mp3,spine
./dataset/xyz\8469_kyphoplast.mp3,kyphoplasty
./dataset/xyz\8474_correct.mp3,correct
./dataset/xyz\8478_cases.mp3,cases
./dataset/xyz\8480_compressio.mp3,compression
./dataset/xyz\8481_fractures.mp3,fractures
./dataset/xyz\8484_pathology.mp3,pathology
./dataset/xyz\8486_hear.mp3,hear
./dataset/xyz\8489_thoracic.mp3,thoracic
./dataset/xyz\8490_spine.mp3,spine
./dataset/xyz\8495_neck.mp3,neck
./dataset/xyz\8502_gross.mp3,gross
./dataset/xyz\8511_such.mp3,such
./dataset/xyz\8513_cool.mp3,cool
./dataset/xyz\8519_took.mp3,took
./dataset/xyz\8521_dissection.mp3,dissection
./dataset/xyz\8526_head.mp3,head
./dataset/xyz\8528_removed.mp3,removed
./dataset/xyz\8531_cut.mp3,cut
./dataset/xyz\8534_left.mp3,left
./dataset/xyz\8538_left.mp3,left
./dataset/xyz\8547_neck.mp3,neck
./dataset/xyz\8554_dissection.mp3,dissection
./dataset/xyz\8558_cervical.mp3,cervical
./dataset/xyz\8559_vertebral.mp3,vertebral
./dataset/xyz\8566_bony.mp3,bony
./dataset/xyz\8567_elements.mp3,elements
./dataset/xyz\8574_spine.mp3,spine
./dataset/xyz\8579_spinal.mp3,spinal
./dataset/xyz\8580_cord.mp3,cord
./dataset/xyz\8587_cool.mp3,cool
./dataset/xyz\8595_video.mp3,video
./dataset/xyz\8598_mri.mp3,mri
./dataset/xyz\8604_cervical.mp3,cervical
./dataset/xyz\8605_spine.mp3,spine
./dataset/xyz\8607_shared.mp3,shared
./dataset/xyz\8611_instagram.mp3,instagram
./dataset/xyz\8612_before.mp3,before
./dataset/xyz\8617_seen.mp3,seen
./dataset/xyz\8635_neck.mp3,neck
./dataset/xyz\8640_primarily.mp3,primarily
./dataset/xyz\8641_doing.mp3,doing
./dataset/xyz\8642_upper.mp3,upper
./dataset/xyz\8644_upper.mp3,upper
./dataset/xyz\8645_cervical.mp3,cervical
./dataset/xyz\8650_nodding.mp3,nodding
./dataset/xyz\8652_spine.mp3,spine
./dataset/xyz\8662_lower.mp3,lower
./dataset/xyz\8663_cervical.mp3,cervical
./dataset/xyz\8664_spine.mp3,spine
./dataset/xyz\8672_lifting.mp3,lifting
./dataset/xyz\8674_chin.mp3,chin
./dataset/xyz\8680_saying.mp3,saying
./dataset/xyz\8688_real-time.mp3,real-time
./dataset/xyz\8689_visual.mp3,visual
./dataset/xyz\8692_neck.mp3,neck
./dataset/xyz\8694_action.mp3,action
./dataset/xyz\8711_neck.mp3,neck
./dataset/xyz\8715_ligaments.mp3,ligaments
./dataset/xyz\8719_ligaments.mp3,ligaments
./dataset/xyz\8722_neck.mp3,neck
./dataset/xyz\8733_car.mp3,car
./dataset/xyz\8742_sure.mp3,sure
./dataset/xyz\8743_aren't.mp3,aren't
./dataset/xyz\8744_damaged.mp3,damaged
./dataset/xyz\8751_head.mp3,head
./dataset/xyz\8754_around.mp3,around
./dataset/xyz\8757_spine.mp3,spine
./dataset/xyz\8764_greater.mp3,greater
./dataset/xyz\8765_risk.mp3,risk
./dataset/xyz\8769_injury.mp3,injury
./dataset/xyz\8772_spinal.mp3,spinal
./dataset/xyz\8773_cord.mp3,cord
./dataset/xyz\8778_ligaments.mp3,ligaments
./dataset/xyz\8781_apical.mp3,apical
./dataset/xyz\8782_ligament.mp3,ligament
./dataset/xyz\8784_runs.mp3,runs
./dataset/xyz\8787_dens.mp3,dens
./dataset/xyz\8790_dens.mp3,dens
./dataset/xyz\8796_piece.mp3,piece
./dataset/xyz\8798_bone.mp3,bone
./dataset/xyz\8807_skull.mp3,skull
./dataset/xyz\8810_c1.mp3,c1
./dataset/xyz\8814_c2.mp3,c2
./dataset/xyz\8816_c2.mp3,c2
./dataset/xyz\8820_bony.mp3,bony
./dataset/xyz\8828_dens.mp3,dens
./dataset/xyz\8831_hooks.mp3,hooks
./dataset/xyz\8835_c1.mp3,c1
./dataset/xyz\8839_rotation.mp3,rotation
./dataset/xyz\8843_ligament.mp3,ligament
./dataset/xyz\8846_apical.mp3,apical
./dataset/xyz\8847_ligament.mp3,ligament
./dataset/xyz\8849_goes.mp3,goes
./dataset/xyz\8852_dens.mp3,dens
./dataset/xyz\8855_c2.mp3,c2
./dataset/xyz\8864_skull.mp3,skull
./dataset/xyz\8868_attaches.mp3,attaches
./dataset/xyz\8872_upper.mp3,upper
./dataset/xyz\8873_neck.mp3,neck
./dataset/xyz\8877_skull.mp3,skull
./dataset/xyz\8888_tear.mp3,tear
./dataset/xyz\8892_skull.mp3,skull
./dataset/xyz\8895_attached.mp3,attached
./dataset/xyz\8898_spine.mp3,spine
./dataset/xyz\8900_well.mp3,well
./dataset/xyz\8903_problem.mp3,problem
./dataset/xyz\8908_fibers.mp3,fibers
./dataset/xyz\8913_vertical.mp3,vertical
./dataset/xyz\8914_alignment.mp3,alignment
./dataset/xyz\8920_alar.mp3,alar
./dataset/xyz\8921_ligament.mp3,ligament
./dataset/xyz\8923_goes.mp3,goes
./dataset/xyz\8926_dens.mp3,dens
./dataset/xyz\8929_occiput.mp3,occiput
./dataset/xyz\8934_oblique.mp3,oblique
./dataset/xyz\8935_angle.mp3,angle
./dataset/xyz\8938_attaches.mp3,attaches
./dataset/xyz\8940_dens.mp3,dens
./dataset/xyz\8942_bony.mp3,bony
./dataset/xyz\8943_dens.mp3,dens
./dataset/xyz\8945_c2.mp3,c2
./dataset/xyz\8947_c2.mp3,c2
./dataset/xyz\8948_vertebrate.mp3,vertebrate
./dataset/xyz\8955_skull.mp3,skull
./dataset/xyz\8959_transverse.mp3,transverse
./dataset/xyz\8960_ligament.mp3,ligament
./dataset/xyz\8967_goes.mp3,goes
./dataset/xyz\8974_connect.mp3,connect
./dataset/xyz\8978_bone.mp3,bone
./dataset/xyz\8983_c1.mp3,c1
./dataset/xyz\8995_neck.mp3,neck
./dataset/xyz\8998_skull.mp3,skull
./dataset/xyz\9008_holding.mp3,holding
./dataset/xyz\9011_skull.mp3,skull
./dataset/xyz\9014_ligament.mp3,ligament
./dataset/xyz\9016_transverse.mp3,transverse
./dataset/xyz\9017_ligament.mp3,ligament
./dataset/xyz\9020_dens.mp3,dens
./dataset/xyz\9023_dense.mp3,dense
./dataset/xyz\9024_bone.mp3,bone
./dataset/xyz\9034_c2.mp3,c2
./dataset/xyz\9036_next.mp3,next
./dataset/xyz\9040_hooking.mp3,hooking
./dataset/xyz\9045_c1.mp3,c1
./dataset/xyz\9047_transverse.mp3,transverse
./dataset/xyz\9048_ligament.mp3,ligament
./dataset/xyz\9071_three.mp3,three
./dataset/xyz\9072_ligaments.mp3,ligaments
./dataset/xyz\9076_skull.mp3,skull
./dataset/xyz\9079_neck.mp3,neck
./dataset/xyz\9085_whiplash.mp3,whiplash
./dataset/xyz\9091_traumatic.mp3,traumatic
./dataset/xyz\9092_sporting.mp3,sporting
./dataset/xyz\9093_injury.mp3,injury
./dataset/xyz\9096_neck.mp3,neck
./dataset/xyz\9098_injured.mp3,injured
./dataset/xyz\9100_need.mp3,need
./dataset/xyz\9106_ruled.mp3,ruled
./dataset/xyz\9115_torn.mp3,torn
./dataset/xyz\9120_someone's.mp3,someone's
./dataset/xyz\9121_risk.mp3,risk
./dataset/xyz\9124_spinal.mp3,spinal
./dataset/xyz\9125_cord.mp3,cord
./dataset/xyz\9126_injury.mp3,injury
./dataset/xyz\9128_muscles.mp3,muscles
./dataset/xyz\9131_muscles.mp3,muscles
./dataset/xyz\9134_neck.mp3,neck
./dataset/xyz\9137_i'm.mp3,i'm
./dataset/xyz\9141_cover.mp3,cover
./dataset/xyz\9153_flexors.mp3,flexors
./dataset/xyz\9156_rectus.mp3,rectus
./dataset/xyz\9157_capitis.mp3,capitis
./dataset/xyz\9158_anterior.mp3,anterior
./dataset/xyz\9162_scalene.mp3,scalene
./dataset/xyz\9163_muscles.mp3,muscles
./dataset/xyz\9166_before.mp3,before
./dataset/xyz\9170_breathing.mp3,breathing
./dataset/xyz\9180_anterior.mp3,anterior
./dataset/xyz\9181_middle.mp3,middle
./dataset/xyz\9182_posterior.mp3,posterior
./dataset/xyz\9183_scalene.mp3,scalene
./dataset/xyz\9184_muscles.mp3,muscles
./dataset/xyz\9187_two.mp3,two
./dataset/xyz\9188_longest.mp3,longest
./dataset/xyz\9189_cool.mp3,cool
./dataset/xyz\9191_longest.mp3,longest
./dataset/xyz\9192_capitis.mp3,capitis
./dataset/xyz\9195_stabilizer.mp3,stabilizers
./dataset/xyz\9198_neck.mp3,neck
./dataset/xyz\9200_train.mp3,train
./dataset/xyz\9204_different.mp3,different
./dataset/xyz\9205_exercises.mp3,exercises
./dataset/xyz\9210_deep.mp3,deep
./dataset/xyz\9211_neck.mp3,neck
./dataset/xyz\9212_flexor.mp3,flexor
./dataset/xyz\9218_train.mp3,train
./dataset/xyz\9224_neck.mp3,neck
./dataset/xyz\9225_pain.mp3,pain
./dataset/xyz\9226_extensors.mp3,extensors
./dataset/xyz\9236_changes.mp3,changes
./dataset/xyz\9240_semi-spine.mp3,semi-spineless
./dataset/xyz\9241_muscle.mp3,muscle
./dataset/xyz\9244_before.mp3,before
./dataset/xyz\9250_neck.mp3,neck
./dataset/xyz\9253_call.mp3,call
./dataset/xyz\9265_neck.mp3,neck
./dataset/xyz\9266_spinalis.mp3,spinalis
./dataset/xyz\9268_spinalis.mp3,spinalis
./dataset/xyz\9273_thoracic.mp3,thoracic
./dataset/xyz\9274_spine.mp3,spine
./dataset/xyz\9279_muscle.mp3,muscle
./dataset/xyz\9280_splenius.mp3,splenius
./dataset/xyz\9284_neck.mp3,neck
./dataset/xyz\9286_splenius.mp3,splenius
./dataset/xyz\9290_extensors.mp3,extensors
./dataset/xyz\9291_rotators.mp3,rotators
./dataset/xyz\9297_neck.mp3,neck
./dataset/xyz\9302_sternoclei.mp3,sternocleidomastoid
./dataset/xyz\9305_abbreviate.mp3,abbreviated
./dataset/xyz\9307_scm.mp3,scm
./dataset/xyz\9319_head.mp3,head
./dataset/xyz\9321_rotate.mp3,rotate
./dataset/xyz\9327_scalenes.mp3,scalenes
./dataset/xyz\9335_rotation.mp3,rotation
./dataset/xyz\9342_muscles.mp3,muscles
./dataset/xyz\9356_involved.mp3,involved
./dataset/xyz\9368_upper.mp3,upper
./dataset/xyz\9369_trapezius.mp3,trapezius
./dataset/xyz\9370_muscle.mp3,muscle
./dataset/xyz\9379_trigger.mp3,trigger
./dataset/xyz\9382_one's.mp3,one's
./dataset/xyz\9388_bending.mp3,bending
./dataset/xyz\9390_head.mp3,head
./dataset/xyz\9392_rotation.mp3,rotation
./dataset/xyz\9394_extension.mp3,extension
./dataset/xyz\9401_muscles.mp3,muscles
./dataset/xyz\9408_nerve.mp3,nerve
./dataset/xyz\9409_roots.mp3,roots
./dataset/xyz\9411_neck.mp3,neck
./dataset/xyz\9419_eight.mp3,eight
./dataset/xyz\9420_nerve.mp3,nerve
./dataset/xyz\9421_roots.mp3,roots
./dataset/xyz\9433_nerve.mp3,nerve
./dataset/xyz\9434_root.mp3,root
./dataset/xyz\9439_nerve.mp3,nerve
./dataset/xyz\9440_root.mp3,root
./dataset/xyz\9458_c1.mp3,c1
./dataset/xyz\9459_nerve.mp3,nerve
./dataset/xyz\9460_root.mp3,root
./dataset/xyz\9465_skull.mp3,skull
./dataset/xyz\9475_c1.mp3,c1
./dataset/xyz\9478_skull.mp3,skull
./dataset/xyz\9491_c1.mp3,c1
./dataset/xyz\9496_skull.mp3,skull
./dataset/xyz\9497_c2.mp3,c2
./dataset/xyz\9504_c1.mp3,c1
./dataset/xyz\9520_c8.mp3,c8
./dataset/xyz\9521_nerve.mp3,nerve
./dataset/xyz\9522_root.mp3,root
./dataset/xyz\9528_c7.mp3,c7
./dataset/xyz\9549_nerves.mp3,nerves
./dataset/xyz\9556_sensation.mp3,sensation
./dataset/xyz\9558_motor.mp3,motor
./dataset/xyz\9561_arm.mp3,arm
./dataset/xyz\9564_c5.mp3,c5
./dataset/xyz\9566_c4.mp3,c4
./dataset/xyz\9568_upper.mp3,upper
./dataset/xyz\9574_neck.mp3,neck
./dataset/xyz\9575_muscles.mp3,muscles
./dataset/xyz\9579_lower.mp3,lower
./dataset/xyz\9587_arm.mp3,arm
./dataset/xyz\9590_c5.mp3,c5
./dataset/xyz\9604_deltoid.mp3,deltoid
./dataset/xyz\9605_c6.mp3,c6
./dataset/xyz\9608_elbow.mp3,elbow
./dataset/xyz\9609_flexors.mp3,flexors
./dataset/xyz\9611_biceps.mp3,biceps
./dataset/xyz\9614_c7.mp3,c7
./dataset/xyz\9617_triceps.mp3,triceps
./dataset/xyz\9625_primary.mp3,primary
./dataset/xyz\9626_motor.mp3,motor
./dataset/xyz\9627_segments.mp3,segments
./dataset/xyz\9631_nerve.mp3,nerve
./dataset/xyz\9632_roots.mp3,roots
./dataset/xyz\9640_spine.mp3,spine
./dataset/xyz\9647_room.mp3,room
./dataset/xyz\9651_neck.mp3,neck
./dataset/xyz\9663_disc.mp3,disc
./dataset/xyz\9664_herniation.mp3,herniation
./dataset/xyz\9666_arthritis.mp3,arthritis
./dataset/xyz\9669_neck.mp3,neck
./dataset/xyz\9675_nerve.mp3,nerve
./dataset/xyz\9676_roots.mp3,roots
./dataset/xyz\9682_room.mp3,room
./dataset/xyz\9684_facet.mp3,facet
./dataset/xyz\9685_joints.mp3,joints
./dataset/xyz\9693_interverte.mp3,intervertebral
./dataset/xyz\9694_foramen.mp3,foramen
./dataset/xyz\9697_nerve.mp3,nerve
./dataset/xyz\9738_neck.mp3,neck
./dataset/xyz\9741_upper.mp3,upper
./dataset/xyz\9742_cervical.mp3,cervical
./dataset/xyz\9743_spine.mp3,spine
./dataset/xyz\9753_two.mp3,two
./dataset/xyz\9754_joints.mp3,joints
./dataset/xyz\9760_o.mp3,o
./dataset/xyz\9763_occiput.mp3,occiput
./dataset/xyz\9767_skull.mp3,skull
./dataset/xyz\9770_skull.mp3,skull
./dataset/xyz\9774_c1.mp3,c1
./dataset/xyz\9778_involved.mp3,involved
./dataset/xyz\9780_flexion.mp3,flexion
./dataset/xyz\9781_extension.mp3,extension
./dataset/xyz\9785_nodding.mp3,nodding
./dataset/xyz\9787_head.mp3,head
./dataset/xyz\9796_mri.mp3,mri
./dataset/xyz\9797_c1.mp3,c1
./dataset/xyz\9798_c2.mp3,c2
./dataset/xyz\9815_pivot.mp3,pivot
./dataset/xyz\9816_joint.mp3,joint
./dataset/xyz\9827_joint.mp3,joint
./dataset/xyz\9830_neck.mp3,neck
./dataset/xyz\9836_rotation.mp3,rotation
./dataset/xyz\9845_below.mp3,below
./dataset/xyz\9847_lower.mp3,lower
./dataset/xyz\9848_cervical.mp3,cervical
./dataset/xyz\9849_spine.mp3,spine
./dataset/xyz\9856_segments.mp3,segments
./dataset/xyz\9857_contributi.mp3,contributing
./dataset/xyz\9876_flexion.mp3,flexion
./dataset/xyz\9877_extension.mp3,extension
./dataset/xyz\9880_c5.mp3,c5
./dataset/xyz\9881_c6.mp3,c6
./dataset/xyz\9889_adjacent.mp3,adjacent
./dataset/xyz\9890_segments.mp3,segments
./dataset/xyz\9892_c45.mp3,c45
./dataset/xyz\9894_c67.mp3,c67
./dataset/xyz\9897_generation.mp3,generation
./dataset/xyz\9899_neck.mp3,neck
./dataset/xyz\9902_c56.mp3,c56
./dataset/xyz\9909_lumbar.mp3,lumbar
./dataset/xyz\9910_spine.mp3,spine
./dataset/xyz\9928_tear.mp3,tear
./dataset/xyz\9938_tear.mp3,tear
./dataset/xyz\9963_changes.mp3,changes
./dataset/xyz\9976_neck.mp3,neck
./dataset/xyz\9982_pathology.mp3,pathology
./dataset/xyz\9985_disc.mp3,disc
./dataset/xyz\9986_herniation.mp3,herniations
./dataset/xyz\9988_spinal.mp3,spinal
./dataset/xyz\9989_stenosis.mp3,stenosis
./dataset/xyz\9995_lumbar.mp3,lumbar
./dataset/xyz\9996_spine.mp3,spine
./dataset/xyz\10004_neck.mp3,neck
./dataset/xyz\10006_disc.mp3,disc
./dataset/xyz\10007_herniation.mp3,herniations
./dataset/xyz\10014_heal.mp3,heal
./dataset/xyz\10018_heal.mp3,heal
./dataset/xyz\10023_pain.mp3,pain
./dataset/xyz\10029_muscles.mp3,muscles
./dataset/xyz\10034_muscle.mp3,muscle
./dataset/xyz\10035_weakness.mp3,weakness
./dataset/xyz\10045_microdisce.mp3,microdiscectomy
./dataset/xyz\10053_disc.mp3,disc
./dataset/xyz\10055_interferin.mp3,interfering
./dataset/xyz\10058_spinal.mp3,spinal
./dataset/xyz\10059_stenosis.mp3,stenosis
./dataset/xyz\10063_narrowing.mp3,narrowing
./dataset/xyz\10069_nerves.mp3,nerves
./dataset/xyz\10072_whiplash.mp3,whiplash
./dataset/xyz\10079_neck.mp3,neck
./dataset/xyz\10087_chronic.mp3,chronic
./dataset/xyz\10088_neck.mp3,neck
./dataset/xyz\10089_pain.mp3,pain
./dataset/xyz\10090_after.mp3,after
./dataset/xyz\10091_whiplash.mp3,whiplash
./dataset/xyz\10109_neck.mp3,neck
./dataset/xyz\10120_pathologie.mp3,pathologies
./dataset/xyz\10123_neck.mp3,neck
./dataset/xyz\10152_spine.mp3,spine
./dataset/xyz\10160_30.mp3,30
